"spotify_id","name","genres","popularity","followers","gender","artist_type","nacionalidad","genero_r"
"1Yj5Xey7kTwvZla8sqdsdE","Cris Mj","mambo chileno.trap latino.urbano chileno.urbano latino",86,3195608,"m","solo","chileno","urbano_chileno"
"35oGZihZclGoTVuICPXRP9","Jere Klein","reggaeton chileno",76,1835216,"m","solo","chileno","urbano_chileno"
"4yxLYO2imECxGYTTV7RQKb","Pailita","drill chileno.urbano chileno.urbano latino",67,1441401,"m","solo","chileno","urbano_chileno"
"1fIJZfSmqQkuqfKNRmrS1V","El Jordan 23","mambo chileno.urbano chileno",67,1394370,"m","solo","chileno","urbano_chileno"
"2XcZshqzPKm3iZcmt73R8D","Pablo Chill-E","trap chileno.urbano chileno.urbano latino",73,1297182,"m","solo","chileno","urbano_chileno"
"5CAruGjgds3QlF5ICtEnnc","Jairo Vera","mambo chileno.urbano chileno",66,1204951,"m","solo","chileno","urbano_chileno"
"7rOlQwf8OuFLFQp4aydjBt","Paloma Mami","latin pop.reggaeton chileno.trap chileno",62,1142622,"f",NA,"chileno","urbano_chileno"
"5XQWXnMwsvuvCPMneXUbsy","Marcianeke","reggaeton chileno.urbano chileno",62,1054370,"m","solo","chileno","urbano_chileno"
"5pughe5rcsOq3GF0utMOs5","DrefQuila","reggaeton chileno.trap chileno.urbano chileno",68,1028506,"m","solo","chileno","urbano_chileno"
"0rjms710nwQTdrQheXHJfz","Standly","urbano chileno",68,1020160,"m","solo","chileno","urbano_chileno"
"50u2mXgysmTttY0BizYWAo","Movimiento Original","rap chileno",60,907960,"m","group","chileno","rap"
"7HYJrA3HSTNDmkl5pylhaY","Gino Mella","reggaeton chileno.urbano chileno",64,888792,"m","solo","chileno","urbano_chileno"
"1SiLK8gdECx2iEm2SSj0Bl","Ak4:20","urbano chileno.urbano latino",64,811978,"m","solo","chileno","urbano_chileno"
"6rHwFb0YjWexAYxTjm4eIj","Nickoog Clk","mambo chileno.urbano chileno",64,607969,"m","solo","chileno","urbano_chileno"
"4IC2X34tZmHG3VfTbpzvwL","Julianno Sosa","urbano chileno",64,576761,"m","solo","chileno","urbano_chileno"
"768O5GliF0bqscyghggrbE","PolimÃ¡ Westcoast","trap chileno.trap triste.urbano chileno",65,564424,"m","solo","chileno","urbano_chileno"
"0Yg29FX1M4ayqjXs0ttZFq","Young Cister","trap chileno.urbano chileno",69,533151,"m","solo","chileno","urbano_chileno"
"7CvTknweLr9feJtRGrpDBy","FloyyMenor","reggaeton chileno",81,462333,"m","solo","chileno","urbano_chileno"
"11HepfI1lj6KJHj651rZhM","Lucky Brown","urbano chileno",71,448399,"m","solo","chileno","urbano_chileno"
"2IAxPmQzx2NuutHe7ta7gs","Bayron Fire","urbano chileno",56,445220,"m","solo","chileno","urbano_chileno"
"0MlQeZCQnaFSGv9gRiE1rD","STRANGEHUMAN","urbano chileno",54,444302,"m","solo","chileno","urbano_chileno"
"40JMTpVRUw90SrN4pFA6Mz","Ana Tijoux","chilean rock.latin alternative.latintronica.rap chileno.rap feminino chileno.rap latina.rap politico",58,435649,"f","solo","chileno","rap"
"12wTrvRwxmsbUxkLffkPfv","Chystemc","rap chileno.venezuelan hip hop",56,430485,"m","solo","chileno","rap"
"2vnaEm73LHWfchNiQccNBa","El BAI","reggaeton chileno",65,405245,"m","solo","chileno","urbano_chileno"
"4xZrvfK8khgRIXk63gSFeB","Piero 47","drill chileno.trap chileno",57,399524,"m","solo","chileno","urbano_chileno"
"7DXregrznS25AM30UY9sUU","King Savagge","mambo chileno.urbano chileno",60,378259,"m",NA,"chileno","urbano_chileno"
"271TPCWy79Q4utmSP6uSQg","Portavoz","boom bap espanol.rap chileno.rap conciencia.rap politico.venezuelan hip hop",53,342438,"m","solo","chileno","rap"
"0NnUMWDCDi1snuMja6IdxH","Harry Nach","trap chileno.urbano chileno",63,335546,"m","solo","chileno","urbano_chileno"
"0x5lhIYknBUEozHuXjkwUs","Galee Galee","drill chileno.urbano chileno",58,325756,"m","solo","chileno","urbano_chileno"
"29fcEFHRcOhfTYXvS8POPV","Bayriton","urbano chileno",57,324767,"m","solo","chileno","urbano_chileno"
"0LshXUmIub6xKvOq4QmtNs","ITHAN NY","drill chileno.urbano chileno",62,314330,"m","solo","chileno","urbano_chileno"
"10VBp06W8NIgMW4JruLCC4","Kidd Voodoo","urbano chileno",72,307167,"m","solo","chileno","urbano_chileno"
"1F6ZW5IEGN0HB9LTtldRq0","Arte Elegante","rap chileno.urbano chileno",56,291426,"m","solo","chileno","rap"
"3k090bKo2iSqNdowffKHrt","Balbi El Chamako","mambo chileno.reggaeton chileno.urbano chileno",56,287151,"m","solo","chileno","urbano_chileno"
"7AiFAkvE8VYLDdsmLC78ik","Bubaseta","rap chileno",55,260108,"m","solo","chileno","rap"
"7thOJx5gcuoJcEcaoHsPAk","El Futuro Fuera De Orbita","urbano chileno",44,239004,"m","solo","chileno","urbano_chileno"
"2OEZ0KKJrKXsRQ6hU9bbfS","Kevin Martes 13","reggaeton chileno.trap chileno",45,237010,"m","solo","chileno","urbano_chileno"
"6J9Vq69rGl3fJftWDT8jaK","Shamanes Crew","dancehall chileno.rap chileno",49,228206,"m","group","chileno","rap"
"3ZfYo6sKskRv0wOyrZZdAj","Sayian Jimmy","urbano chileno",62,226794,"m","solo","chileno","urbano_chileno"
"6hYxQDiGct9yfRlSEv3F8a","Simon la Letra","reggaeton chileno",54,222623,"m","solo","chileno","urbano_chileno"
"684u8s013RfmUxevD9PK3B","Giuliano Yankees",NA,58,204241,"m","solo","chileno","urbano_chileno"
"20BNHnI2SfySwLwWCAu4ew","Drakomafia","mambo chileno",53,198168,"m","solo","chileno","urbano_chileno"
"6WzyAaCTzd5YoVMwdin58T","Il Nene De Oro","drill chileno",57,193423,"m","solo","chileno","urbano_chileno"
"6Auet21YaPDui2ManqgAFc","Liricistas","rap chileno",43,182330,"m","group","chileno","rap"
"0wWmUneAuhQn9L3qibj5UO","Tommy Boysen","reggaeton chileno.urbano chileno",51,180707,"m","solo","chileno","urbano_chileno"
"6Fz1LTRJ7RAuUf1CRSN3dU","Gabo El Chamaquito","mambo chileno",47,165280,"m","solo","chileno","urbano_chileno"
"0lTSSQrxOMu4Keh48GrIkX","King Kong Click","rap chileno",51,161776,"m","group","chileno","rap"
"4xEDJHMQ8PN1U2pEldwI6O","Easykid","trap argentino.trap chileno",67,156539,"m","solo","chileno","urbano_chileno"
"0QpMp8Y7jFzwCt8OZjKQdd","Tunechikidd","urbano chileno",54,153112,"m","solo","chileno","urbano_chileno"
"7q9P9jadKe86eEavevbEvK","Gianluca","neoperreo.reggaeton chileno.trap chileno",43,148387,"m","solo","chileno","urbano_chileno"
"2j6Up11EpEUKQ5yIfFXhdU","Forest","mambo chileno.reggaeton chileno",48,139745,"m","solo","chileno","urbano_chileno"
"580taoAhpqvyGCRoJsVdw9","Ceaese","neoperreo.trap chileno.urbano chileno",49,138997,"m","solo","chileno","urbano_chileno"
"1R4SZjsnu91VWf5BhkKdH0","Mamborap","rap chileno",46,137269,"m","group","chileno","rap"
"41vcoPejPG3vv8emJ2R5Ox","Pablito Pesadilla","urbano chileno",50,132877,"m","solo","chileno","urbano_chileno"
"6JjrF0EnCW3Ylj9gj3FXWZ","Gran Rah","rap chileno",42,130571,"m","solo","chileno","rap"
"2YB75f3AI0PqcfW4kQ4kIz","Nvscvr","trap chileno.trap triste",51,130474,"m","group","chileno","urbano_chileno"
"4ddGNvJbt4sq3OaCCzAPV9","Jonas Sanche","boom bap espanol.rap chileno",46,129322,"m","solo","chileno","rap"
"0fTQ3jEDT1eDQG3URLTwEo","Carlitos Junior","reggaeton chileno",40,123818,"m","solo","chileno","urbano_chileno"
"2zfwez4uxbP8NcFy3kaNLF","Kiddtetoon","trap chileno.urbano chileno",45,115229,"m","solo","chileno","urbano_chileno"
"5vuvIhz2SwFX9sA976g49F","Matiah Chinaski","rap chileno",48,110252,"m","solo","chileno","rap"
"4GzcC1X5GRX9ndJ5TXIk2C","Yiordano Ignacio","reggaeton chileno",40,108175,"m","solo","chileno","urbano_chileno"
"4L5QHhmkOdVWH91Kz0uLPg","Aerstame","rap chileno",47,106002,"m","solo","chileno","rap"
"6IaOUkLKnYH0q8Vm2AdhQ5","Z Jocker","urbano chileno",48,103563,"m","solo","chileno","urbano_chileno"
"5GpRyfJV04fcnHBDzfVb8V","Lleflight","trap chileno.urbano chileno",52,101124,"m","solo","chileno","urbano_chileno"
"5NenY2Jl9wwLRxf86go4Y8","Fran C","reggaeton chileno",58,99566,"m","solo","chileno","urbano_chileno"
"3a6xRggiZz6O1Zvmg8RJfV","Salvaje Decibel","rap chileno.rap conciencia.rap politico",38,94620,"m","group","chileno","rap"
"3XaUjViDzB8N9bPqPeoWk5","Makiza","latin funk.rap chileno.rap conciencia.rap politico",35,93823,"m","group","chileno","rap"
"0dQUkvpKTvHbsTxXKcIN0S","Adan La Amenaza","mambo chileno.urbano chileno",62,92538,"m","solo","chileno","urbano_chileno"
"4CQCHM6ILHdfaJiIE4guaS","Cidtronyck","rap chileno",51,91636,"m","solo","chileno","rap"
"2BJWqrBKEqtZUKWtzmpPDj","Tobal Mj","urbano chileno",54,91221,"m","solo","chileno","urbano_chileno"
"4BVarZvmLXaXGwBvjt8HEZ","Mente Sabia CrÃº","rap chileno",37,89392,"m","group","chileno","rap"
"3McbjZPGQECT5OMujemGpi","Adickta SinfonÃ­a","rap chileno",35,87994,"m","group","chileno","rap"
"54U7OiU7yC2eB4Ij71sqlW","Droow","trap",41,86918,"m","solo","chileno","urbano_chileno"
"4jUVJzcthHyWbl6IwK5EOl","Dainesitta","urbano chileno",38,82437,"f","solo","chileno","urbano_chileno"
"1TBQTmzjUEJL0EzbsTroN5","Nfx","rap chileno",44,82305,"m","solo","chileno","rap"
"6fDFw5ZF2hKa52oH1enbks","Chiko Alfa","urbano chileno",50,79753,"m","solo","chileno","urbano_chileno"
"7FavRzQTgusKjQCqvO4xXY","Cevlade","rap chileno.rap conciencia",38,79213,"m","solo","chileno","rap"
"3AuVD85Q1DtjeJTEzlaMBF","Baby J & MLSHBTS","trap chileno",48,76328,"m","group","chileno","urbano_chileno"
"1GiKprzvYnLD4hBNxaA50l","JulianoChieff","urbano chileno",48,74563,"m","solo","chileno","urbano_chileno"
"1FuJ52kzTUVS0HITGdgkLD","Malito Malozo","urbano chileno",45,74176,"m","solo","chileno","urbano_chileno"
"6EQAbr4kKwE4EaGBzUpONu","Hordatoj","rap chileno",41,74170,"m","solo","chileno","rap"
"3Dz4sliAAIVOlALfHW9TtD","Tomasa del Real","neoperreo.rap latina",33,72029,"f","solo","chileno","urbano_chileno"
"0qo0qirBort7v7IMWHVC3c","Benji Gramitos","drill chileno.urbano chileno",40,69848,"m","solo","chileno","urbano_chileno"
"7dHiLDmaaoJ7XwEqWCcIah","BlackRoy","mambo chileno.urbano chileno",38,69776,"m","solo","chileno","urbano_chileno"
"3ZIZqvSbTL7mIEyXmbbXs7","Flor De Rap","rap chileno.rap feminino chileno.rap norteno chileno",38,68137,"f","solo","chileno","rap"
"5gdLCbByMUjFLhbOj8NC14","Poison Kid","trap chileno.urbano chileno",49,67965,"m","solo","chileno","urbano_chileno"
"1gr15bpTzqHwHxj9PVZf4N","Bascur","rap chileno",37,65047,"m","solo","chileno","rap"
"0iBZjEZBg8GsjaBq3lTAvC","Drago200","urbano chileno",47,64610,"m","solo","chileno","urbano_chileno"
"3raEZI89hszEBTTvb5wLsi","Stailok","rap chileno",48,64085,"m","solo","chileno","rap"
"7eHy7y3HmuLJgm5XiPbea3","Victor la Voz Official","mambo chileno",27,62687,"m","solo","chileno","urbano_chileno"
"20e8HvSChJmT3dTQO5Jhh0","Ley 20mil","rap chileno",34,62290,"m","group","chileno","rap"
"0dUHLXev6YWtI22rtU4TSV","De Killtros","rap chileno",35,61986,"m","group","chileno","rap"
"4IRrYqHes6JTQwU5lePXNx","Baby J & Young Weapon","trap chileno",51,61866,"m","group","chileno","urbano_chileno"
"0bcZsLQV8MCeU0ylWbw23p","Aqua VS","urbano chileno",55,60933,"m","solo","chileno","urbano_chileno"
"4lYCHDsGD7sbyyiTzMdXZ1","Juanka El Problematik","reggaeton flow",38,59662,"m","solo","chileno","urbano_chileno"
"6YTu4Ih4tovKGdsq3UCnHa","Amara Ignacia","urbano chileno",25,58884,"f","solo","chileno","urbano_chileno"
"0tXcalxqLUWMRZVfj1xtkP","Omega El CTM","rap chileno.venezuelan hip hop",40,58637,"m","solo","chileno","rap"
"3aOF7RsJI2dUGekgjR1qzp","La Pozze Latina","chilean rock.latin funk",33,57281,"m","group","chileno","rap"
"6yYRLzRO7whe1IjNtvEQOV","Lil Snow","urbano chileno",49,54845,"m","solo","chileno","urbano_chileno"
"5kCFeFCLAVkTvLXtUX821X","Benjita Montana","urbano chileno",46,54567,"m","solo","chileno","urbano_chileno"
"7cxvGk3OKObcoj6K6Ohfma","Dash Y Cangri","reggaeton chileno",25,54353,"m","group","chileno","urbano_chileno"
"4Fl8dEtJlmvFkYb4HZr8Fi","Pikette23","trap chileno",46,52459,"m","solo","chileno","urbano_chileno"
"5RnwLXlnWPF57yzdmUnnvP","El Barto","reggaeton chileno.urbano chileno",48,51336,"m","solo","chileno","urbano_chileno"
"4LnMIW4aNwegikxZkUN4ir","Rokero","trap chileno.trap latino",51,51236,"m","solo","chileno","urbano_chileno"
"69OGnQvb2yxmisgCtQVtmZ","Elixir de Beat","rap chileno",37,50363,"m","group","chileno","rap"
"57gT8Cq7OyTpCNhOVYrrWR","Grafy","rap chileno",36,49201,"m","solo","chileno","rap"
"0IcAUt0uzTyDfvKSpW0hrr","Lamelodiadelhampa","urbano chileno",54,47919,"m","solo","chileno","urbano_chileno"
"21VgYxAlrfp0QKBgxmQE5p","Dr. Bene","rap chileno",39,45847,"m","solo","chileno","rap"
"4XbPmAuePPr3JhIoN6WNGP","La Brigida Orquesta","rap chileno",35,45584,"m","group","chileno","rap"
"07QESImfxfUZRhSxsPAnEv","D'Markuz","reggaeton flow",20,45131,"m","solo","chileno","urbano_chileno"
"60d7XKY1qqY5cPnXOCVvo6","Diego Smith","trap chileno",46,44589,"m","solo","chileno","urbano_chileno"
"6fIgIbebL9YH2ZdRxur04y","Nitro MC","rap chileno",32,44585,"m","solo","chileno","rap"
"6isvSCaUPeMinPzcY5LtBM","Hijos de las Hojas","rap chileno",28,43920,"m","group","chileno","rap"
"0MWYz6Xj2G1Gh3nlLOIUfz","Kid Lucilfer","trap chileno",35,43848,"m","solo","chileno","urbano_chileno"
"4TaMzYlwqHNvfJ8OJLlDzv","Young Piri","urbano chileno",45,43522,"m","solo","chileno","urbano_chileno"
"6l78ydrIl7eG2kPTwGXaz7","Bronko Yotte","chilean indie.rap chileno",38,42242,"m","solo","chileno","rap"
"1wxZSwi9v3v9grm87HCqju","EnSecreto","rap chileno",35,41907,"m","solo","chileno","rap"
"1LcrE5dBGGhQpJszNw75xk","Abrildefresa","trap chileno",48,41863,"m","solo","chileno","urbano_chileno"
"506Thef5DTWpeFlL88CdNX","Japogang","trap chileno.trap triste",34,39975,"m","group","chileno","urbano_chileno"
"4d7tFHxzWvzfsgCqPAEOSQ","El Joan","urbano chileno",55,39293,"m","solo","chileno","urbano_chileno"
"0eet2VBconGGtNYJ0CBgHu","Eloy","reggaeton flow",50,39281,"m","solo","chileno","urbano_chileno"
"6pU1pqpZXzQZIQizJpYv95","Luxian","mambo chileno.trap chileno",34,38422,"m","solo","chileno","urbano_chileno"
"0YPpzLWMRuISsbfDqi9tYu","Dibujo Mc","rap chileno",33,37237,"m","solo","chileno","rap"
"6DclygN22D15ndBly02ejl","El Bruto Chr","rap chileno",40,37131,"m","solo","chileno","rap"
"0hco5Giy8LPIbiyxxhrnhg","Yixs98","trap chileno",35,35983,"m","solo","chileno","urbano_chileno"
"7fqU39dtD2q7K4XbejXH31","Jazz Muy Tarde","rap chileno",32,35821,"m","group","chileno","rap"
"1Q9Sx5tOmwems0qwLJZ5Cy","SOULFIA","r&b en espanol.urbano chileno",55,35432,"f","solo","chileno","urbano_chileno"
"4MnlgZ36oltRkkBsEsRXV8","Nosecuenta","rap chileno",40,35233,"m","solo","chileno","rap"
"19cJmmJHLQklVrUkI8Y9oo","Fabian Riveros","mambo chileno",22,35052,"m","solo","chileno","urbano_chileno"
"3oXB0SMPKC4ILFeiCQR3TA","Teorema","bases de freestyle.rap sureno chileno",26,34868,"m","solo","chileno","rap"
"39hfuTf4PHfnHgIl0QBDGL","AKRIILA","rap chileno",50,34769,"f","solo","chileno","urbano_chileno"
"3tDix7cw0fgoa5idDGJ6Wo","Bruno Borlone","otro",39,34690,"m","solo","chileno","otro"
"64wBsAEPuXAjuZilVsvar3","Borderline","rap chileno",35,34378,"m","group","chileno","rap"
"6q8z8dubMZel54z4mYu1Oo","Andresito Otro Corte","mambo chileno",29,33921,"m","solo","chileno","urbano_chileno"
"4Ng3fh1nc5L04iXPL8vqc7","Best","urbano chileno",59,33719,"m","solo","chileno","urbano_chileno"
"5M93gtdh8dIv85CDYnuP90","Catana","rap chileno.rap feminino chileno.trap chileno",28,33677,"f","solo","chileno","rap"
"1dR3aEUbT5raoyLcOl7Oo1","Â¥ EleK-47 Â¥","urbano chileno",43,32893,"m","solo","chileno","urbano_chileno"
"5h3snNTJSuYLpsdORqRy0A","Yohancito","mambo chileno",39,32491,"m","solo","chileno","urbano_chileno"
"1FtPGO6iOU4CTmJ5YCTWPy","Maxi Vargas","reggae en espanol",32,32153,"m","solo","chileno","urbano_chileno"
"136JE80TYlQZkNCkf5DSGe","Mc Unabez","rap chileno",31,32095,"m","solo","chileno","rap"
"39VlQqapZPBkvrrzFKwPy3","Met Music","trap chileno",20,32087,"m","group","chileno","urbano_chileno"
"7kvnG7JhX0ycVMVb8SP8EL","Bryartz","trap chileno",64,31993,"m","solo","chileno","urbano_chileno"
"2hp2lUfm32mmW4mMlhMQnW","Yishark","urbano chileno",36,30553,"m","solo","chileno","urbano_chileno"
"4ESPpWZvZ1EPO1yASh26fO","Mc Brow","rap chileno",29,30435,"m","solo","chileno","rap"
"2C1Pj5TMq8QjqbwQ4tmDtO","Punto40","reggaeton chileno",48,29783,"m","solo","chileno","urbano_chileno"
"1wVJFmSm8OwomtQZZCLKjh","BenGstar","urbano chileno",44,29408,"m","solo","chileno","urbano_chileno"
"71Wh74AX7GvBUWVf7qJUux","Estrellas del Porno","rap chileno",26,28788,"m","group","chileno","rap"
"6p9BBRwixGcXxZ1gdcqmpd","Basty Corvalan","urbano chileno",46,28742,"m","solo","chileno","urbano_chileno"
"3WPRuzfjcRBf7byiF6pFvE","Dunkan","reggaeton chileno",32,28667,"m","solo","chileno","urbano_chileno"
"6HEXFITiBnRb5lovvpgFcs","Mati Drugs","reggaeton chileno",19,28555,"m","solo","chileno","urbano_chileno"
"1XIFZexGu17xwWAjdFBLwI","Frainstrumentos","chilean indie.rap chileno",38,28210,"m","solo","chileno","rap"
"3VPnLoSCLadvDlAJOgjtAF","Jetson El Super","reggaeton flow",34,28042,"m","solo","chileno","urbano_chileno"
"1F5KgWs6pawyDs5px23UIQ","Kail BRL","reggaeton chileno",53,27866,"m","solo","chileno","urbano_chileno"
"2ouxSQG6KGQc3StwUkAE1S","el daster",NA,1,27451,"m","solo","chileno","rap"
"5AYSnRNynWULTIDjzAbgxV","Gringuitos Records","mambo chileno",48,27426,"unknown","unknown","chileno","urbano_chileno"
"3TY8uR5cMZF7zX2xw5mrYI","Dehilan","mambo chileno",29,27073,"m","solo","chileno","urbano_chileno"
"6m9BRPGlS8Pb2Hm4ViPsA0","Touchandgo","urbano chileno",25,26930,"m","solo","chileno","urbano_chileno"
"6gZdHi1lsLWRkZ0wCA4RL6","Barbero ExÃ³tico","mambo chileno",39,26667,"m","solo","chileno","urbano_chileno"
"4A7KjkSSYRNjt9Cp9MNEx4","Young Kieff","trap chileno",36,26534,"m","solo","chileno","urbano_chileno"
"5W7vbxMex5UtO8ugjXZvwp","MC Piri","rap chileno",24,26512,"m","solo","chileno","rap"
"6ppICavsIjESiRerY2YN2L","Chilenos Mcs","rap chileno",27,26273,"m","group","chileno","rap"
"3Ov7H9pKlZjIweSur0zloG","Maltrunks",NA,31,26261,"m","solo","chileno","urbano_chileno"
"404oLEm20rXDCHi61f6uvg","Killua97","trap chileno.urbano chileno",40,25631,"m","solo","chileno","urbano_chileno"
"0ExOaVFeqJBe9niEG4HZAX","Schuster","pop chileno.reggaeton chileno",36,25503,"m","solo","chileno","urbano_chileno"
"5Oq7EwA4wS5J6L4hYtf9Tk","Baby Jey","trap chileno",24,25479,"m","solo","chileno","urbano_chileno"
"5Hhbu5PnHYAkO5LOVeEsmx","El Rey","urbano chileno",48,25414,"m","solo","chileno","urbano_chileno"
"1p5MGlN01vwR008ce7818d","Cestar","dancehall chileno.rap chileno.urbano chileno",38,25397,"m","solo","chileno","rap"
"2YWklr7fegrBvs3RN9Df7W","Shelo A Lo Loko","reggaeton chileno.trap chileno",10,25332,"m","solo","chileno","urbano_chileno"
"2v3LO9KiZQXhNfj36bpLIB","Kid Poison","trap chileno",30,25156,"m","solo","chileno","urbano_chileno"
"1PANUPmT5KUDGs3Xgkhw3T","Martinwhite","urbano chileno",50,25146,"m","solo","chileno","urbano_chileno"
"17WostYl0Ep0nyJmA0m2ds","Como Asesinar a Felipes","chilean indie.chilean rock",21,25108,"m","group","chileno","otro"
"0Nk33fSMhlt1EL2uLH5eTx","Claudio Bastardo","rap chileno",29,24885,"m","solo","chileno","rap"
"2oQ5pFqObctnGqSg8l2Ia5","Cristofebril","rap chileno",27,24873,"m","solo","chileno","rap"
"2oHWL7hUEKBHYK1OrEsFli","Pasta Nostra","rap chileno",19,24546,"m","group","chileno","rap"
"6FoEGMsJYp8c4ayPCVEqa6","Laflare Pazzia","otro",31,23902,"m","solo","chileno","urbano_chileno"
"7dP0HBmeSdYJwYhXnNLNvH","Yordano El Menor","mambo chileno",33,22751,"m","solo","chileno","urbano_chileno"
"0sGaQWBapkJCl0n8zA5IGv","DJ Transe","rap chileno",38,22219,"m","solo","chileno","rap"
"0GZZDfmSrMDswOFc9nBWQz","ProdMarvin",NA,42,22199,"m","solo","chileno","rap"
"5M9hvwevD5Aax121KCeKPd","Lechero Mon","rap chileno",32,22154,"m","solo","chileno","rap"
"0jRuTSSjLM8h3Bp3yPDtId","Los Power","reggaeton chileno",23,22082,"m","group","chileno","urbano_chileno"
"6P8YjImNhI3N6nrCEEhISo","Zaturno","rap chileno",27,21563,"m","solo","chileno","rap"
"6Jlck8qXRgXVgbAfwF3UuD","Victor La Voz","mambo chileno",34,21428,"m","solo","chileno","urbano_chileno"
"7J7cHGJ6KfcK5diHzt78k4","Luanko","musica mapuche.rap chileno",24,20938,"m","solo","chileno","rap"
"1p7MJGY1B2qF1svG3yxn7T","Benji Bendi","urbano chileno",38,20772,"m","solo","chileno","urbano_chileno"
"4g6S2KmV5fUl1heIeqaLEc","Young Darhi","detroit trap en espanol.trap chileno",33,19966,"m","solo","chileno","urbano_chileno"
"6jPnjdXijpUoqWR4YTWDo3","MetalingÃ¼Ã­stica","bases de freestyle.rap sureno chileno",31,19700,"m","solo","chileno","rap"
"2H5XfIuAQCXmaIDm7vcViA","Benji La Maldita Escritura De Oro","urbano chileno",45,19688,"m","solo","chileno","urbano_chileno"
"6WI2aStGYkbt0vslpKmDkV","Marlon Breeze","drill chileno.trap chileno",36,19687,"m","solo","chileno","urbano_chileno"
"4tRcJg9eUvu6lQujhzH5UZ","CHR","rap chileno",35,19385,"m","solo","chileno","rap"
"3iuxTg8tCKBuRDIrAADvqI","Maickyel","trap chileno",22,19123,"m","solo","chileno","urbano_chileno"
"29RJ4i6n55uUI1537HYFUT","Elias Diaz","reggaeton chileno",27,18815,"m","solo","chileno","urbano_chileno"
"07WSqyexqFJM0ZeQVPqJJg","Mateo on the Beatz","urbano chileno",65,18795,"m","solo","chileno","urbano_chileno"
"2ZCkSpm5VDWVqcO0DZJ7mu","El Shaaki","dancehall chileno.rap chileno.trap chileno",38,18758,"m","solo","chileno","otro"
"4xuu4TRtQkdDeYwWfG6pQU","Eskina Familia Skuad","rap chileno.rap norteno chileno",28,18352,"m","group","chileno","rap"
"7DPxoBLEzgxzbhN0MAvyt6","Lizz","neoperreo.rap chileno",28,18348,"f","solo","chileno","otro"
"14SlnqKt21OL7zHU6TGnJB","Renaglock","urbano chileno",50,18327,"m","group","chileno","urbano_chileno"
"2GiFfEExMWKzVWVFnTxxJn","Wapo & Givens","drill chileno",33,18265,"m","group","chileno","urbano_chileno"
"42HqoYrMHQqrYMEaPnYZR3","El Chumbeque","rap chileno",25,18254,"m","solo","chileno","rap"
"3TcTm7AGTlIJys8Wh7QzBr","El Goldo De Las Conec","reggaeton chileno.urbano chileno",41,17769,"m","solo","chileno","urbano_chileno"
"03A4rAqMAxVwjkRIPZxZ9Y","Sacra Mr Melody","reggaeton chileno",45,17638,"m","solo","chileno","urbano_chileno"
"5qVtAyg01uxJQzjMviHVAf","kuraimokha","urbano chileno",42,17312,"m","solo","chileno","urbano_chileno"
"5QWjD70j5WnTf2E2FppPQA","Romockstar","trap chileno.trap triste",27,17261,"m","solo","chileno","urbano_chileno"
"3gbf617lW6MVtNKzBK5BBp","Fat Broka","mambo chileno.urbano chileno",30,16790,"m","solo","chileno","urbano_chileno"
"38DOU02BQmlcooCqxr3aSd","Akatumamy","neoperreo",33,16430,"f","solo","chileno","urbano_chileno"
"7jIywNxfjSZ2Dxm6OOzQPF","Aura BAE","rap feminino chileno",36,16424,"f","solo","chileno","otro"
"3OqAU6NJ5J2Ktp7y3BB5e3","Diso","trap chileno",30,16350,"m","solo","chileno","urbano_chileno"
"59QBqfoCL1LttP0x9MWLph","Elemental Raggamuffin","dancehall chileno",26,16347,"m","solo","chileno","urbano_chileno"
"5TyQ1yXiSsZxrJHrL5kFmZ","Fuka","trap chileno",46,16306,"m","solo","chileno","urbano_chileno"
"3yVK2HqNKKReejFoMLfXYw","Shelo","mambo chileno",25,16240,"m","solo","chileno","urbano_chileno"
"7eC2HRtBhiXNWTAVdflUtK","Bufalo Dit","rap chileno",28,16216,"m","solo","chileno","rap"
"6t90cfIUQ39eOTksTUE0zc","JOSEPE EL DEMENTE","urbano chileno",38,16154,"m","solo","chileno","urbano_chileno"
"7tMukTswF8N6b0zI4rlCmg","Big Cvyu","urbano chileno",59,16127,"m","solo","chileno","urbano_chileno"
"0d2ilHJsRru3Y3EMqOQmO7","Eyci and Cody","reggaeton chileno",40,15803,"m","group","chileno","urbano_chileno"
"4YT3fD0f2m9LoKtkKtarhW","NvshoFlight","urbano chileno",25,15630,"m","solo","chileno","urbano_chileno"
"6upevkomExCEvIm82FKkZV","Dash","reggaeton chileno",28,15579,"m","solo","chileno","urbano_chileno"
"6iXXaJAOpQWeDVsIRMPSw9","Chuky Indica","reggaeton chileno",28,15419,"m","solo","chileno","urbano_chileno"
"2T3XFTBPA7c5LY2urbJAxV","Derechos Reservados","rap chileno",34,15253,"m","group","chileno","rap"
"1cPmlyGAzGASVX5KfyPlfP","Centinela Spectro","rap chileno",27,15041,"m","solo","chileno","rap"
"5BCCPy699VbWCRgI3Zr0xq","Defra","rap cristiano.reggaeton cristiano",36,15000,"m","solo","chileno","rap"
"4jtlM7KkUGZi5N3DWFZLbw","Astronautiko","urbano chileno",34,14786,"m","solo","chileno","urbano_chileno"
"5jAbdQuetN1LntrEphYBTW","El Menor",NA,28,14731,"m","solo","chileno","rap"
"3SFlyIysvEljCERd4wKUjS","Motafonkas","rap chileno",30,14582,"m","solo","chileno","rap"
"1LFSjjDBhaukmZa69zJvgM","Macrodee","rap chileno",43,14364,"m","solo","chileno","rap"
"5QSZ4mP3ycTPK4b0VJNmK4","Keed Baby","urbano chileno",40,14205,"m","solo","chileno","urbano_chileno"
"4rRwh9ghjocFABAwIwnunp","Gittobeatz","urbano chileno",63,14054,"m","solo","chileno","urbano_chileno"
"6TBZdTaCa4lbCCi8BQemuD","Shisosaloud","trap chileno",40,14004,"m","solo","chileno","urbano_chileno"
"6WjgkE7KEl4vyqwVXSuAox","Son Gotten","urbano chileno",36,13948,"m","solo","chileno","urbano_chileno"
"7JQoHbVN2TLVsfYhTrgQlF","Young J Star","trap chileno",6,13892,"m","solo","chileno","urbano_chileno"
"7fRhybObNPxIN34edYhjYu","Jhanking","urbano chileno",20,13871,"m","solo","chileno","urbano_chileno"
"2fjInVWSawW5FUnXd3QLqb","KUINA","urbano chileno",40,13857,"f","solo","chileno","urbano_chileno"
"5Gk7kZkr62Q4rPz6swYJse","Sativanderground","rap chileno.rap feminino chileno.rap norteno chileno",34,13503,"f","solo","chileno","rap"
"35B3K7HUycrePapFhO8X5v","Tiano Bless","rap chileno.reggae en espanol",35,13457,"m","solo","chileno","rap"
"432oaRcszGBuv65lH6OMmB","Calambre","rap chileno",22,13194,"m","group","chileno","rap"
"1I2pJ2vYfZH0WND1diKJ1l","ADIONE","rap chileno",34,13183,"m","solo","chileno","rap"
"2h0ht04lePhc9LY0GHHJ1O","Seamoon",NA,42,12924,"f","solo","chileno","rap"
"7mVTQvcOBygelqrVIGOjQp","Septimo Fragmento","rap chileno",22,12857,"m","solo","chileno","rap"
"3H5mQs13EvHXEWCsy910Hu","Maldito Fen","rap chileno",37,12798,"m","solo","chileno","rap"
"1CyD1Oj8R2nR5f27cV1q1J","Nacion Triizy","trap chileno",15,12789,"m","group","chileno","urbano_chileno"
"1X3ZWrofyvyRd5OEr4z5B2","Juanitho Pleiin","mambo chileno",24,12539,"m","solo","chileno","urbano_chileno"
"2GPEaK0AzTsnUJHSFVTPjh","Blue Mary","reggaeton chileno",25,12339,"f","solo","chileno","urbano_chileno"
"62EVqRv8P5iZtZNGxoSsfK","SuppaStyle","dancehall",30,12171,"m","group","chileno","otro"
"5a61423FZbgQoICFM8DL6u","Beloved Belona","rap feminino chileno",9,12100,"f","solo","chileno","rap"
"5YIqrIoaYZGmDHvxa6jzwD","Sabotage","rap chileno",34,12073,"m","group","chileno","rap"
"0O222pTQaRTmOd5QCe3vFw","Seo2","rap chileno",22,11939,"m","solo","chileno","rap"
"1wMmRP78FDRAIV0eehnlXS","Franz Mesko","rap chileno",24,11835,"m","solo","chileno","rap"
"7cQfdt0tbRbWiak17Jelkj","Johny Alen","rap chileno",20,11715,"m","solo","chileno","rap"
"3WMr1bTsvQEfmjzgzSx98b","Suppra","rap chileno.rap feminino chileno",36,11702,"f","solo","chileno","rap"
"5DDpDYLDv4xasIBS6kp2wf","Loyaltty","urbano chileno",38,11672,"f","solo","chileno","urbano_chileno"
"0HGYhpDqId26b8YElUubo8","FaceBrooklyn","urbano chileno",45,11594,"m","solo","chileno","urbano_chileno"
"2uFdkDzuib4OBkfNECkc59","Semillah Skillz","rap chileno",36,11566,"m","solo","chileno","rap"
"1gGMjvifr56fICpI15zMLd","Rick Santino","rap chileno",28,11551,"m","solo","chileno","rap"
"2N4rDzKt2aZK1ksES0YKBP","Benja Valencia","urbano chileno",47,11542,"m","solo","chileno","urbano_chileno"
"5sK4yZ1bcHlFC73EYAhapP","Croni-K","reggaeton chileno",31,11464,"m","group","chileno","urbano_chileno"
"5AKHh4eBuOo4HHXiJ6aCtT","Utopiko","rap chileno",48,11328,"m","solo","chileno","rap"
"0IjUy10U10GGUKrv4ZQZpg","Escala Mercalli","dancehall chileno.rap chileno",29,11187,"m","group","chileno","rap"
"7tFqL9MIukyyeUGyybZmz0","Lucas San Martin","urbano chileno",16,11116,"m","solo","chileno","urbano_chileno"
"3nHsN7Leho58wo1RveLfzZ","Lil Geremi","mambo chileno",26,11093,"m","solo","chileno","urbano_chileno"
"5J7o47wyT1cQOkHPFwzq4X","VaniaJoplin","urbano chileno",24,11060,"f","solo","chileno","urbano_chileno"
"1d6X8cIaHb05jj6SYoHUjV","Felolaefe","reggaeton chileno",30,10945,"m","solo","chileno","urbano_chileno"
"0Qsv4mPm5fOiJ6nOFxtZLm","Subwoffer","rap chileno",50,10643,"m","solo","chileno","rap"
"1b8mm6QmyRah9dIxduf1Z9","Terrible","rap chileno",34,10534,"m","solo","chileno","rap"
"508xzoah9zEAZheLYYtGWW","Pastanostra","rap chileno",33,10533,"m","group","chileno","rap"
"1SWKdOrynsD5faJKAoYTPp","Kuroh","urbano chileno",41,10288,"m","solo","chileno","urbano_chileno"
"2VjX1NO9RrtPuVcHmEJWqM","Dylan Ferra","urbano chileno",31,10165,"m","solo","chileno","urbano_chileno"
"7L0icL8gj4enXZkSEf1rPI","Conde Spaik","rap chileno",12,10132,"m","solo","chileno","rap"
"366c5t2kUnhNmZaP8tVRDe","Hecnaboy","reggaeton chileno",28,9888,"m","solo","chileno","urbano_chileno"
"2raERfjzsdnUUQeZSge5eZ","Sammy",NA,51,9878,"m","solo","chileno","rap"
"7HyrZUMEfu8eTF2iN5iP7T","Daiko 02",NA,54,9290,"m","solo","chileno","urbano_chileno"
"1IfUd8MMwEpavJSD84fTmC","YoungGlizzy","urbano chileno",49,9180,"m","solo","chileno","urbano_chileno"
"0MFNKAz7T3fa1unWi7m39q","Inkognito","rap chileno.rap politico",25,9128,"m","solo","chileno","rap"
"6pAMH90rLFZxt5Vs5gVaCl","Donexprs","rap chileno",29,9091,"m","solo","chileno","rap"
"2GxzgycJFZivGAteZpqUe5","Keylon","mambo chileno",33,9055,"m","solo","chileno","urbano_chileno"
"3px7NJHPSum4UPJV4YKe2M","Guerrillerokulto","rap chileno",28,9050,"m","solo","chileno","rap"
"3ScIhY1EejsIFbTsU87XwF","Almeyda","dancehall chileno.rap feminino chileno",24,8836,"f","solo","chileno","rap"
"46Rx5Ap8FeiszGFBRjKxJ1","Amenadiel Oficial","urbano chileno",39,8631,"m","solo","chileno","urbano_chileno"
"7E8zK1i1TAXxBVRpeMfOqM","Taiko","urbano chileno",54,8560,"m","solo","chileno","urbano_chileno"
"7mulO6IWsc8VZEC1aSPZ1e","Mantoi","rap chileno",32,8310,"m","solo","chileno","rap"
"5pXMrnCz6R51j12eTyZ6fJ","La Peeña Crew","rap chileno",27,8291,"m","group","chileno","rap"
"5chrUnljyCjbuV033ssuf2","Jhon Jairo","urbano chileno",29,8265,"m","solo","chileno","urbano_chileno"
"0l35vP0Pl9zkdVYVoYasmQ","Excelencia Prehispana","rap chileno",26,8214,"m","group","chileno","rap"
"643AKLEv7jYJG7o14pwBaP","Aly Mayely","rap chileno.rap feminino chileno",33,8201,"f","solo","chileno","rap"
"3JLhwN8lF7l9a6asc93O9a","Sheru El Leon","mambo chileno",15,8154,"m","solo","chileno","urbano_chileno"
"5fNV5ubt46GqUpyP7Mh4Ln","Shirel","urbano chileno",32,8071,"f","solo","chileno","urbano_chileno"
"0MN8Z9sRdGWqN61pe7FHeC","Malcriaoh D`Zousa","rap chileno.rap norteno chileno",26,8004,"m","solo","chileno","rap"
"6UWqJYYQ6zTu0oh444j4R1","Martín Benavides","rap chileno",27,7972,"m","solo","chileno","rap"
"1Dhz0ZAETEmyfeN7q8W8aJ","ESNOU","rap chileno",27,7968,"m","solo","chileno","rap"
"0BGiSyJ9S3YV3f40x5eK3r","adan la Amenazza","urbano chileno",19,7964,"m","solo","chileno","urbano_chileno"
"19C1rDlK587MsGNU8wctkG","Vishoko","urbano chileno",30,7798,"m","solo","chileno","urbano_chileno"
"04jF7S23aoFQs6rpjK4a8v","Jotaose Lagos","rap chileno.rap sureno chileno",26,7556,"m","solo","chileno","rap"
"4OcM9DfskVqTxIJc2Nnyoc","Youngc4real","trap chileno",23,7390,"m","solo","chileno","urbano_chileno"
"3wXd0N7IkY2bZ4KMbhmBJ5","Jossie A","urbano chileno",45,7322,"m","solo","chileno","urbano_chileno"
"0OgYVRCxqwiDAK4Hems7wB","Subverso","rap chileno",25,7189,"m","solo","chileno","rap"
"1ErwZDB2os60WjaLNx1rRj","El Oss","rap chileno",16,7127,"m","solo","chileno","rap"
"6IpFBrrxCPgNO7H7tegO6u","Cuarto Universo","rap chileno",16,7032,"m","group","chileno","rap"
"3BhLm0rzP3kwnkLj7yXAaI","Chuchu Retro","mambo chileno",37,7028,"m","solo","chileno","urbano_chileno"
"1Mz5cZb7klbNKaLfxx61cU","yammir","reggaeton chileno",30,6981,"m",NA,"chileno","urbano_chileno"
"0TLXqbc7clZHZBVrOnxDIn","Legua York","rap chileno.rap conciencia.rap politico",9,6888,"m","group","chileno","rap"
"7eCRGFriuw87zy6evjErXh","Fusok","mambo chileno",24,6767,"m","solo","chileno","urbano_chileno"
"44D02T0aBZrnN7GKfB3VUk","Negro Sambo","dancehall chileno.rap chileno",26,6749,"m","solo","chileno","rap"
"3NEtwuqvkMar7Yi8xsl21S","Young Nico","mambo chileno",30,6679,"m","solo","chileno","otro"
"5v0eLOwGUJuH1lvPSzw0xD","Nysix Music","urbano chileno",61,6620,"m","group","chileno","urbano_chileno"
"2RA6tbYsWItfklZnXYYO0C","Rezonancia","rap chileno",9,6608,"m","group","chileno","rap"
"5leFwWpTacAWLAom8B2JbS","Vlntna B","urbano chileno",30,6574,"f","solo","chileno","urbano_chileno"
"3EaTlUVdPrAzDircCdLgEA","El Adem",NA,40,6520,"m","solo","chileno","urbano_chileno"
"0KXKwR59R3RlmB95KwR0QJ","Bouncy Boys Band","urbano chileno",37,6416,"m","group","chileno","urbano_chileno"
"43rQkeXeSiYvXI7e9jhkS1","Kaiser","freestyle",12,6338,"m","solo","chileno","otro"
"08GlttamvSOtuSs3pYfRoW","Slimmy Cuare","plugg en espanol.trap chileno",21,6242,"m","solo","chileno","urbano_chileno"
"1urRPTvrCAnAoIF8LNS1lW","Pablo Antonio","urbano chileno",43,6225,"m","solo","chileno","urbano_chileno"
"3JcNWghPbs3Zd4a4DN88Uk","KSN FAM","rap chileno",18,6132,"m","group","chileno","rap"
"5zDVnUun4YSqFlbGk0W1kZ","Pipo Beatz","urbano chileno.urbano espanol",49,6038,"m","solo","chileno","urbano_chileno"
"5r1Lqb5bMTuBdF4Tuqg6gZ","CHR","rap chileno",22,6034,"m","solo","chileno","rap"
"7vQwpzJpeyKlFz0Zract9q","Jhondiez",NA,39,6014,"m","solo","chileno","urbano_chileno"
"4occfxahEmi56IKxvjxDXo","Walter Dietrich","mambo chileno",16,6013,"m","solo","chileno","otro"
"32t0HFlSTcFycnOBBIEeG8","Isuenabien","rap chileno.rap sureno chileno",30,6009,"m","group","chileno","otro"
"3cJV9VzS3qt2MU60ilzNML","Ambar Luna","rap feminino chileno.rap latina",28,6007,"f","solo","chileno","rap"
"3C4u5zRlcRqpe26zQmQRku","Paolo Pimp","trap chileno.urbano chileno",44,5992,"m","solo","chileno","urbano_chileno"
"5w3yQZC4IFbbGaOTTne3Nk","Zita Zoe","rap chileno.rap feminino chileno",27,5941,"f","solo","chileno","rap"
"6ehVh5kPMBixAL8VovNYeE","Dania Neko","rap feminino chileno.rap latina",21,5904,"f","solo","chileno","rap"
"5yVXomAAABiwOBUQVmo375","Flowyn","rap feminino chileno",29,5888,"f","solo","chileno","otro"
"0JfMSuCVlJovLNPQCmSdXV","Rebel Diaz","political hip hop.rap chileno",23,5830,"m","group","chileno","rap"
"1hITVmmhaAwtRCQYsV6j77","WH","dancehall chileno.rap chileno",32,5799,"m","solo","chileno","otro"
"2m8TOB1xxKtr83Dv3QCmfU","Tukko21","trap chileno",20,5784,"m","solo","chileno","otro"
"0CsTwvCSyMRfPh6gkTUfPj","Filip Mota","dancehall chileno.rap chileno",28,5654,"m","solo","chileno","otro"
"5yjQKQYt12QjWzQK62T8ov","Baby J","urbano chileno",24,5641,"m","solo","chileno","urbano_chileno"
"6liwHKuT39wios8CxQHQFJ","Ojal De Ajaw","rap sureno chileno",25,5586,"m","solo","chileno","rap"
"6riRZqBPeuOUgaHvYJTiH7","Panthy","rap chileno",35,5411,"m","solo","chileno","rap"
"3psizJPIbIEEctInvdWSZk","GUNTTER",NA,42,5305,"m","solo","chileno","urbano_chileno"
"3IUEajBsE3ojR2AY0uYMK0","Sarazul","rap feminino chileno",22,5249,"f","solo","chileno","otro"
"4jRiJme1LWicZfsK2YgEkU","Lord Sucio","boom bap espanol.rap chileno",22,5238,"m","solo","chileno","rap"
"3gHghQBIkY1bax2uz4XdOo","the roy","mambo chileno.reggaeton chileno",6,5165,"m","solo","chileno","otro"
"0nWQFQ4H6oSqPvxWubRaIQ","Rolando Fino","rap chileno",30,5116,"m","solo","chileno","rap"
"7HBkLLRmpS6oByWUbfXDGl","Saint Cattiveria","urbano chileno",39,5080,"m","solo","chileno","urbano_chileno"
"7bbz4y8ash42ZebCD4jgze","Yeinomercy","reggaeton chileno",24,4975,"m","solo","chileno","otro"
"638YptdwVSImAVaR5aUagq","Kennat","urbano chileno",24,4973,"m","solo","chileno","otro"
"7Ah5telBztRW6NPF8NBcr0","Camileazy","reggaeton chileno.trap chileno",20,4970,"m","solo","chileno","urbano_chileno"
"3cXTpQLIUC0ANH1Ne9THCG","Pablo Feliu","trap triste",34,4907,"m","solo","chileno","urbano_chileno"
"7LjIGwYzQDPHSqTvY4pl2V","La Funeraria","rap chileno",18,4886,"m","solo","chileno","rap"
"6XRepE59HrVuIQgfWXdBJ4","KMC","rap feminino chileno",22,4793,"f","solo","chileno","rap"
"1Ecep3jFwBbu1EztcSzd7G","Delanueve","rap chileno.rap sureno chileno",20,4772,"m","group","chileno","otro"
"6E4isOyUjuu3DeCsEYKwSi","Nyruz","reggaeton chileno",34,4740,"m","solo","chileno","otro"
"2OmpywRlVEC6iR4FQvrXIt","Dous Mc","rap chileno",20,4716,"m","solo","chileno","otro"
"6eo5LO5tYMMvvKa6iLoY2n","Rvyo","rap chileno.rap feminino chileno",25,4703,"f","solo","chileno","rap"
"3QPyvuRlEvSBOHnbnEXL3E","Sello Personal","rap chileno",12,4599,"m","group","chileno","otro"
"6IxRJcjeiHKi4d4m9klWAA","Rene Puente","urbano chileno",18,4570,"m","solo","chileno","urbano_chileno"
"1gMGY47VdNj1nF2NRyjd5t","Igna","urbano chileno",22,4510,"m","solo","chileno","otro"
"4k2i4lShsNm6Ebsb5sg8kR","Germanini","reggaeton chileno",37,4476,"m","solo","chileno","urbano_chileno"
"38WvNBHvqwUXnwkWIioPxo","Masquemusica","rap feminino chileno",32,4425,"f","solo","chileno","rap"
"2WcCTeyPFxpiGwlntz0X2V","Dysbit",NA,55,4368,"m","solo","chileno","urbano_chileno"
"3ui11f5hyaFWgBjEkZxDak","Jesteinritmos","rap chileno",26,4366,"m","solo","chileno","otro"
"5JeI4RRAt6aVdubd7ukQEm","NicoClear","reggaeton chileno",26,4352,"m","solo","chileno","otro"
"6wXGA2oUrvclMPaM2BcAlO","Charly Humos","rap chileno",8,4295,"m","solo","chileno","rap"
"6rqnfwOhPniuJF1OxvMdYj","Celeste Shaw","latin funk",19,4287,"f","solo","chileno","otro"
"1BcVJra7QYCjsqVgbfmhXJ","Brizynfony","rap chileno",13,4250,"m","solo","chileno","otro"
"2mTAYTk0QXefXban5aT7B2","EMONE SKILLZ","rap chileno",18,4239,"m","solo","chileno","rap"
"1xuIuSjH3cr9F2YIBW2q0s","Jack Dee","rap chileno",36,4229,"m","solo","chileno","rap"
"7FghiKaHem27ssIZeQ98eK","Wolf707","plugg en espanol.trap chileno",15,4183,"m","solo","chileno","urbano_chileno"
"4pYx5PDavOZqKec3vIX9Xr","Dj Perez","rap chileno",38,3979,"m","solo","chileno","rap"
"3b6Xu46myEwqKjHhCb5PFt","DJ Raff & Solo Di Medina","rap chileno",24,3976,"m","group","chileno","rap"
"3mmUYdLNyh8lqeRAkENSyI","Trovadores Tales","rap chileno",21,3966,"m","group","chileno","rap"
"27pMOKeO9n2qi5SgdfJ9Qh","Mm la Diferencia","mambo chileno",27,3958,"m",NA,"chileno","urbano_chileno"
"3dC19P4w1BbDuwCailjybv","Nes",NA,65,3944,"m","solo","chileno","urbano_chileno"
"7hT0nc4jtIE4KFbkYHoG7m","Ovz","trap chileno",31,3915,"m","solo","chileno","otro"
"7qsoMtGvsDHO9EeQ1uQJEr","JOTAA",NA,49,3908,"m","solo","chileno","urbano_chileno"
"6O6HUxUgIDtdns4HPhM6Ia","Lyon","urbano chileno",25,3851,"m","solo","chileno","otro"
"3VUchpMYLvFOvrzjrYsNFu","Jevn Pvul",NA,41,3815,"m","solo","chileno","urbano_chileno"
"7vF2RLoaP9tHlKX8tBeQQv","Talobeez","rap chileno",17,3789,"m","solo","chileno","rap"
"33mykaSPwAlyiL75Z4VtYV","Jamez Manuel","neoperreo",22,3696,"m","solo","chileno","urbano_chileno"
"7psSmcUfVtqIeuWKKd8Md2","Celso El Potente",NA,49,3656,"m","solo","chileno","urbano_chileno"
"2QDk2sxK8xHgNIIXNLgNZ9","Rou C","rap feminino chileno",20,3586,"f","solo","chileno","rap"
"4UPsA19fabjEuczPTAskjN","Margihuanero",NA,7,3497,"m","solo","chileno","rap"
"1svCFZxt0Qei4VMSkelVBa","Charlie Guns","rap chileno.rap norteno chileno",16,3488,"m","solo","chileno","otro"
"3qF0ED743wVKc9fW9gOfDL","Biemmvggnus","drill chileno.trap chileno",22,3486,"m","solo","chileno","otro"
"3xCoO7TgLAuhKkNz0uRwo2","Amikiraa","pop chileno",19,3461,"f","solo","chileno","urbano_chileno"
"4Enz9bGPvgSkKRLyLeQL43","Magicenelbeat","urbano chileno",47,3422,"m","solo","chileno","urbano_chileno"
"3XEhYH8HzJ2gVeC9BDFCvF","Nuevedoz","rap chileno",18,3349,"m","group","chileno","otro"
"4eY7PlzdY8Rbqg79fT8ih5","Digital Dread","dancehall chileno",15,3347,"m","group","chileno","otro"
"6odhr16XQ4Mf0KSp9sb1oE","Rapalapar","rap chileno",12,3345,"m","group","chileno","rap"
"1iDmVzCFQFDPKzUNJBFbJO","Deviolencia","rap politico",14,3244,"m","group","chileno","otro"
"6mV5lAVMELv6TOmkSzxjfG","Lenwa Dura",NA,9,3242,"m","solo","chileno","rap"
"1czm96pj8RpBGKN0BGIpst","Big Seiko","rap chileno.rap sureno chileno",21,3233,"m","solo","chileno","otro"
"3bfahxMCLID17MMlD2DfGc","King Fly",NA,45,3231,"m","solo","chileno","urbano_chileno"
"59sL45afubaF2EnRrawyDm","Big Angelo","trap chileno",16,3214,"m","solo","chileno","urbano_chileno"
"5gACFqlersm51eiDYJtlHB","Acke","trap chileno",11,3185,"m","solo","chileno","otro"
"3saSwU9aj6OW1lwL5Yh4Q2","Ezer","rap chileno",20,3104,"m","solo","chileno","rap"
"5zIiQLp0heEkdyQR2SGu3B","Papewancalavera","rap chileno.rap norteno chileno",20,3089,"m","solo","chileno","otro"
"0AJDzNfNuHsASZt2HyobYa","Ele Ekis",NA,37,3068,"m","solo","chileno","urbano_chileno"
"4ARN4DVH7hoHQvie0zptff","Chocolate Blanco","mambo chileno.reggaeton chileno",29,3063,"m","solo","chileno","otro"
"18aGvJXF2wqZcnFKByVvDl","J.Maxi","drill chileno",24,3051,"m","solo","chileno","otro"
"3wqjZsNFSjELfCTFzNsTXW","Chriss Romero","reggaeton chileno",6,3044,"m","solo","chileno","otro"
"0c6ot2z49nSVTPHoMZP51Y","Sador","rap chileno",11,3035,"m","group","chileno","otro"
"2dsPXjJl58yqBAtUQmnFOb","Swift 047","urbano chileno",67,3029,"m","solo","chileno","urbano_chileno"
"5Nj8sBYPlnStp5EkE2f0Lf","Dj Dacel","rap chileno",32,3013,"m","solo","chileno","rap"
"6U574RAq08wVaurzSaqEY3","Lewis Somes",NA,68,2951,"m","solo","chileno","urbano_chileno"
"3XpIrqVeY0I0kItCCUMuY1","Andrehbred","urbano chileno",35,2948,"m","solo","chileno","otro"
"6mtBaKQtUQWLhMZwefkPex","Shesho","rap politico",22,2921,"m","solo","chileno","otro"
"4KMnJwz6zxY49gMyIKzxqW","$lum",NA,21,2920,"m","solo","chileno","rap"
"6pn3gskO5RhVViYRW1i3bj","Bryciell",NA,41,2879,"m","solo","chileno","urbano_chileno"
"3OtwUzOEkJDNsqFSu9ey9G","Funky Flu","rap chileno",20,2853,"m","solo","chileno","otro"
"168Gs1VN0JCJQpvHgixevz","Zyron","urbano chileno",40,2851,"m","solo","chileno","urbano_chileno"
"7DKHPVqBVOMbCfpSiavKzm","Bryan Gospeel","trap chileno",29,2813,"m","solo","chileno","otro"
"5PHDVE30e9FnYScGAsqgrv","Crucer","urbano chileno",19,2709,"m","solo","chileno","otro"
"6MOyW5A4U8MlcX87Mssnhm","Basek","rap chileno",18,2708,"m","solo","chileno","otro"
"1W0mGZKBxW6RrdVRZq7Jdw","Lil Pocket","trap chileno",17,2622,"m","solo","chileno","otro"
"6Cjoe6OAPXUgtbggfHNSLq","DJ Cidtronyck","rap chileno",25,2610,"m","solo","chileno","rap"
"5lwU7m62FDvwm2hnNxfStO","El Maniako The Boost","urbano chileno",27,2535,"m","solo","chileno","otro"
"0Kb00NhjS9AcABuMeUdCyX","Gloria Allel","rap feminino chileno",14,2525,"f","solo","chileno","otro"
"523Q3hgqV3zr00ephVSfKX","Nico Baby","reggaeton chileno",19,2508,"m","solo","chileno","otro"
"11JWPmE5SJIzBWa7b9m0Mk","Camiloskill","reggaeton chileno",31,2503,"m","solo","chileno","otro"
"3WeFvZjS4lzL8tHNdZ2zrB","Pr1mer Mandamiento","rap chileno.rap norteno chileno",24,2484,"m","group","chileno","rap"
"1bGcr2qiqrEGYXGh3U4n5B","KeynBroke","trap chileno",6,2464,"m","solo","chileno","otro"
"5VPRziyVfl56VZXNktGSaH","Mic Aberracion","rap chileno",24,2461,"m","group","chileno","rap"
"7xSLMBuQC2YeRKJiuHcaWm","SLC","rap chileno",12,2446,"m","solo","chileno","otro"
"2uVpjcYgFjZ5egVdf8LEL1","Promaabro","rap chileno",22,2418,"m","solo","chileno","rap"
"3Zan5Poez2lZsuz9xXJfvn","Yabel","urbano chileno",39,2401,"m","solo","chileno","urbano_chileno"
"5JW8Qd4FN56wPHEFtLOTAj","Epicentro","rap chileno",14,2396,"m","solo","chileno","rap"
"6RhHQP5MQPD3waU29h43gZ","DJ Acres","dancehall chileno",33,2393,"m","solo","chileno","otro"
"2OKp4B9CctxvyhsBX01bqG","Ben Bulgari","trap chileno",31,2337,"m","solo","chileno","urbano_chileno"
"16fOP8AoBwsszz9nX0qbnX","Alex Got","urbano chileno",24,2213,"m","solo","chileno","otro"
"6aMeTQMYEBSGnp34gku2QB","SQB",NA,25,2189,"m","solo","chileno","rap"
"0hG018gM0Bs0AqyfeSOAwB","Tea Time","rap chileno",14,2176,"m","solo","chileno","rap"
"2FtH56XmSAFxrEDtRvS93k","Yaero","trap chileno",28,2106,"m","solo","chileno","urbano_chileno"
"4RnZy46gvx737Wi1vMpyCk","El Calle Latina","reggaeton chileno",13,2081,"m","solo","chileno","otro"
"5AHV4cpjvzdCdzewiQ8MNl","Jenry Cancura","rap chileno",26,2047,"m","solo","chileno","otro"
"6IesInVaMMNtX7DZchRTbJ","MartÃ­n Acertijo","rap sureno chileno",18,2038,"m","solo","chileno","otro"
"3RHGm1R3M3scdNO9B2EsGL","Carlitos Furia","rap chileno.rap norteno chileno",15,2024,"m","solo","chileno","otro"
