"spotify_id","name","genres","popularity","followers","gender","artist_type","degree"
"5x24CqyDaYbM6OUjxLYkUo","Martina Lluvias","chilean indie.nueva trova chilena",26,10588,NA,NA,4
"0S7gyQcve5aVdbPiUjym4H","Congreso","chilean rock.musica andina.psicodelia chilena",40,90984,"m","group",8
"3BnHs3tD86l2OGH6k6tpGv","La Fórmula","cumbia chilena",20,4769,NA,NA,1
"7FUvwgQOS0JMHnlm08PlQd","Talismanes del Ritmo y del amor","cumbia ranchera",43,36382,"m","group",2
"1BnQrx8p0bHBpidjIGq26z","Los Pincheira del Sur","cumbia ranchera",44,46992,"m","group",10
"1pdmhuBAqiOFaFuXRvLoyy","Macha Y El Bloque Depresivo","chilean rock",54,121743,"m","group",1
"6jhJHMFfgAmkO0VRyRvtro","Carmen Maureira","nueva ola chilena",20,3764,NA,NA,1
"611NNAaTv1EVgf1066jhzQ","Osvaldo Torres","musica andina chilena.nueva cancion",8,2204,NA,NA,1
"3poRvxocbLlXT9rER89tAs","Santiago Berrio",NA,44,2371,"m","solo",1
"4kKazhy9tDfOgKSWm5g3F9","Katteyes",NA,53,360678,"f","solo",1
"7kR5ApwlIHd7ket5zyDwTC","Felicia Morales","chilean indie.pop electronico",16,4170,NA,NA,5
"6zWLSfAWJ35c78VgLRs7EY","Los Potros Del Sur","cumbia ranchera",38,34559,"m","group",7
"2TWZQ4y2NiKnrwfM0BSEED","Grupo 7 Machos","cumbia ranchera",38,13733,"m","group",1
"04Z3mRXKnp5PmZcJ8QCULt","De Saloon","chilean rock.concepcion indie",47,157224,"m","group",1
"3D3id8MJojsRORQb64SG3O","Rene Inostroza","nueva cancion",32,29218,"m","solo",2
"6qSkZrS7Xdje9DVRXlNmpE","Buddy Richard","chilean rock.nueva ola chilena.pop romantico",39,85854,"m","solo",16
"563WRI9dfOxQmHUooyJgW8","Natalino",NA,41,103235,"m","group",3
"00q1iEmkH6dNeT4Os4mAOv","Grupo el duelo","cumbia ranchera",37,10529,"m","group",2
"61ESBW22G7bIofegPDi3uA","Voltaje",NA,34,19840,"m","group",1
"4KruP5THAhH04L3Gwmzm9w","Canal Magdalena","chilean rock",12,14369,NA,NA,5
"25iPZnrdjEMSYXjUxdfgc6","Los Hermanos Campos","cueca chilena.folklore chileno",29,37023,"m","group",1
"7LM1I2nIhWByOdM5S5xoyX","Gabigar","pop chileno",23,2024,NA,NA,3
"4HZb1I1ON6nfxpMmMPql6B","Los Tigres de Parral","cumbia ranchera",44,42694,"m","group",12
"1uf5mwjVjGlTj38TRAB4k8","Los Kuatreros Del Sur","cumbia chilena.cumbia ranchera",38,27376,"m","group",1
"1t9D6kTl718QQilLBXKBoh","Luis Pedraza","pop chileno",21,14321,NA,NA,3
"6c0qylj1D1gqcUUN2P8Ofp","Javiera Mena","chilean indie.chilean rock.electronica chilena.pop chileno.pop electronico",47,178346,"f","solo",16
"6g293XK6eqwkHOsP2m4ru1","Huasos De Algarrobal","folklore chileno",20,7148,NA,NA,1
"1SvxElxxHBvKujNu4UsfNx","Pachuco y La Cubanacán","cumbia chilena",32,35676,"m","group",1
"3WMtbTa4xgtx9GJ9dPAJ7E","ataquemos",NA,44,35306,"m","solo",1
"6GSnSFc0O2JMkPkGcBFsNc","Cancamusa",NA,37,24867,"f","solo",4
"2Opt7rOoRZUD0rujGcGqGL","byeduardito",NA,34,8392,"m","solo",1
"0TE3FlkFJ5OgdyulXv99iX","Cristóbal Briceño","chilean indie.chilean rock",36,25373,"m","solo",2
"35qSQ3Rr7VGXFyB8qimJUq","Los Charros de Luchito y Rafael","cumbia chilena.cumbia ranchera",49,48560,"m","group",27
"2lvn0dSSamgNsFZPaJPzoR","3TRIPLE J",NA,41,15695,"m","solo",1
"7EP6QHjz7FSJZBVjDuAmas","Los Miserables","chilean hardcore.chilean rock.ska chileno",40,136690,"m","group",1
"4Dqwi7dnhN0j8X1i98mdKG","Jorge González","chilean indie.chilean rock",36,116994,"m","solo",3
"6SwRy6PTx8ehNGCdcDp3mt","Teleradio Donoso","chilean indie.chilean rock",36,71314,"m","group",1
"5MbC0GPijb60evRCEQLJAz","Mariel Mariel","chilean indie.deep latin alternative",35,15266,NA,NA,5
"73jlslw4ZXYZ9kgh0kY2mU","Simón Campusano","chilean indie",30,12593,NA,NA,3
"6v6v20hL82eZfIRpGeocjj","Mamma Soul","chilean rock.latin funk",23,42242,NA,NA,1
"47i4noBzl5Os351Qlmxuia","Paula Rivas","cumbia chilena",39,8270,"f","solo",14
"3fum98bRuzJluGoYRqInHE","Los Tukas del Sur","cumbia chilena.cumbia ranchera",35,40579,"m","group",1
"0K2U7B6n9Otcwn19m7tGzO","Cecilia","nueva ola chilena",35,21741,"f","solo",3
"2v63mEwpd09o5Oo3ALq0l6","Javier Barría","chilean indie.chilean rock",25,17085,NA,NA,4
"4MjgWorqPJ7J6Dnlm5POD1","La Muza","reggae en espanol",39,20697,"unknown","unknown",1
"0IbRsXxQF51TMsTaVNfeqA","Gonzalo Yañez","chilean rock",30,23683,"m","solo",14
"4lB2TSTALeQLZiwak6fKHX","Billy Bunster","latin christian.latin worship",43,69715,"m","solo",1
"1dJfjAj2mnpKrGm8ldBjNG","Agrupación Marilyn","cumbia chilena.cumbia paraguaya.cumbia villera",57,311650,NA,NA,1
"5yrOkBwyi9ePzOYQX4V3iW","José Alfredo Fuentes","nueva ola chilena",36,18878,NA,NA,8
"6Hs8U0JO2nacXFG4kp15Co","Chico Trujillo","chicha.chilean rock.cumbia chilena.latin alternative",53,269271,"m","group",3
"5rJG5I7ZC5C51fXEyV5E6V","Demian Rodríguez","nueva trova chilena",27,11353,NA,NA,2
"6IcXD8DoXOqLkvwpOFTFbf","Los Flores de Rucalhue","cumbia ranchera",33,37498,"m","group",8
"6GyTAMonsoBJtojDYu7qg0","Keko Yunge","pop chileno",31,16500,NA,NA,1
"3K8xLmnOqUqGGaLzL0DvL3","pau","chilean indie",24,4898,NA,NA,2
"5vA7SVYlKJGW6NGkKaSEax","Patio Solar","chilean indie",34,35939,"m","group",1
"7mirwC8eaTt7tswix93TFZ","Rosario Alfonso","chilean indie",37,16391,"f","solo",10
"1EgVsKobLzbNgILxx9wrVG","31 Minutos","chilean rock.ska chileno",54,370554,"m","group",2
"1XfppfgRosYjV7yZfLPUH0","Los Lumaquinos Alegres","cumbia ranchera",46,60899,"m","group",17
"33TuJe4aKhcIps7wxKmfzm","Andres De Leon","pop chileno",40,84526,"m","solo",4
"6VQxtEeYFtNENvE6Qsvlan","María Colores","chilean indie.chilean rock",20,8717,NA,NA,1
"0M8uC0u1YRUGCieOKmQF02","Alex Anwandter","chilean indie.chilean rock.pop electronico",45,131568,"m","solo",1
"7AfIBbjDpPR6FlLWLsAcHu","Sistek",NA,50,35984,"m","solo",1
"2obZTQu3NO5oRcIZKY9fOh","Criminal","chilean metal",20,21221,"m","group",1
"2lTF1MmR07DhexciHsSTE9","Los Bandoleros Del Sur","cumbia chilena.cumbia ranchera",27,22542,"m","group",11
"7ah2GYpn05JkpAIk7vop8g","Chinoy","chilean indie.chilean rock.nueva cancion",32,40660,"m","solo",3
"06hxCeDcTDV3cuOyws488C","Angel Parra Trio","jazz chileno.nueva cancion",27,34552,"m","group",2
"0Dz64lyAnwZJDpF98j0ntV","Magdalena Matthey","nueva trova chilena",24,11106,NA,NA,8
"46KmqHQ1EfYqQtO7r77AMp","Chancho En Piedra","chilean rock.cumbia chilena.latin funk.latin rock.ska chileno",49,258048,"m","group",14
"3m6rsPYI2szH1eab4Gu74U","BBS Paranoicos","chilean hardcore.chilean rock.punk chileno.punk melodico chileno",38,45310,"m","group",2
"6TohVx7C5O24NqelCsIdfs","Arranquemos del Invierno","chilean indie.concepcion indie",23,11716,NA,NA,3
"4o3U8RAOoLpRDFvqKoJYvA","Fernando Ubiergo","nueva cancion",35,52072,"m","solo",2
"12zgyV8SaxwtdtS3E7mCUj","Líderes de Chile","cumbia ranchera",42,9709,"m","group",6
"4BsdSj5TfV0HQiUwdRBQbk","Seba Alfaro","chilean indie",29,10841,NA,NA,1
"7FfKue3foqwcKAUi36xsh9","Dj Bitman","chilean indie.latin funk",22,16105,NA,NA,1
"22QaKKmBIH3QiotuG30W3o","Santaferia","cumbia chilena",59,1294275,NA,NA,6
"6iGoMyoSIjyTxbCRyHREtI","Sol y Lluvia","chilean rock.musica andina chilena.nueva cancion",37,138538,"m","group",8
"4cCVNFShP38zaKGuo8QSMN","Inti-Illimani","musica andina.musica andina chilena.nueva cancion.trova",46,266994,"m","group",13
"0lU35vHpvzadavslHv2pVV","Los Llaneros De La Frontera","cumbia chilena.cumbia ranchera",48,105698,"m","group",3
"5cD6bctPV8wtKpO4o8ZtTQ","Dulce y Agraz","chilean indie.chilean rock.concepcion indie",30,38331,"f","solo",23
"4833ZYc59o7ZJFIAp6SHhq","Curasbun","chilean hardcore.punk chileno.spanish punk.street punk espanol",25,11628,NA,NA,1
"5xuReDWUr32LPHVtCXE6gM","Peregrinos del Amor","cumbia ranchera",57,85350,"m","group",7
"6RCzTQcz74WFBYsX0xz9Pj","Sabina Odone","pop chileno",23,2032,NA,NA,1
"5r9Zij3jkM3BXJOjRpkpzF","Michael Bunster","latin worship",27,31289,"m","solo",1
"7BzSI3dTllADHzoJ2crQov","Natisú","chilean indie",22,3792,NA,NA,19
"5qW2pOdPhEkkBlsUjcGdhD","Fakuta","chilean indie.electronica chilena.etherpop.pop electronico",16,6432,NA,NA,7
"3wV40S9AyTLTE2b0Tp0Yo6","Evelyn Cornejo","chilean indie.chilean rock.musica mapuche.nueva cancion.nueva trova chilena",41,40885,"f","solo",16
"47hetBUhKhfBmk8nXeriqN","Planeta No","chilean indie.chilean rock.concepcion indie",29,27470,"m","group",1
"1NiC1V6xc8OR1ERiIoCvtx","Los Angeles Negros","chilean rock.nueva ola chilena.ranchera",61,1086867,"m","group",2
"0LOfrH82HIHcCXk3eFF7og","Grupo Karicia","cuarteto.cumbia chilena.cumbia villera",39,112163,NA,NA,5
"4mawQ0P4WNPzCoktK0zuBD","A los 4 Vientos","cueca chilena",35,22507,"m","group",1
"2Tvx0xTgN6ok9PXCNKbPBW","Gervasio","chilean rock.nueva cancion",26,24531,"m","solo",1
"1Czzz8yLK9B2CvVvwGvpZr","Alex y el Clan Azabache","cumbia ranchera",34,9461,"m","group",1
"3KKA5IFGqdkUw7i657IEL6","DANI RIDE","pop chileno",26,9904,NA,NA,3
"6r90tCIVqGvSHLouiTUhQW","Los Rancheros De Rio Maule","cumbia chilena.cumbia ranchera",49,126804,"m","group",12
"65nGmwT7Nj7FITg14ZV8s0","Pablo Herrera","pop chileno",41,75165,NA,NA,2
"7pb926owWkly4sZus8Esnk","Luciano","latin tech house",33,38638,"m","solo",1
"3xzi6cMt4zEXLJk7pQVSLQ","Antonio Zabaleta","nueva ola chilena",17,4712,NA,NA,1
"3m2dBZiLPZUffYga9ocES7","Sexual Democracia","chilean rock",31,79286,"m","group",1
"6GiuMj37ySz4NQxtKOTE19","Luis Dimas","nueva ola chilena",33,15737,NA,NA,9
"6clzHoQL1WN2thmMeOalxc","Francesca Ancarola","nueva trova chilena",27,15932,NA,NA,1
"7kwZDveB5qL9uZJcJF1Yds","Machuca","chilean hardcore.chilean rock.concepcion indie.punk chileno",30,29851,NA,NA,3
"5PoJhiT21fXvZitg3guhiJ","( Me Llamo ) Sebastián","chilean indie.chilean rock",30,38112,"m","solo",6
"6SBThA2w6qBakDSGVoSXPZ","Alectrofobia","chilean rock",24,6293,NA,NA,1
"5s4SbJgMMtIyl0caPyZMmT","Lanza Internacional","chilean rock.latin rock",21,10177,NA,NA,1
"0SJy1J0FgP21lbvGBMKT8H","Camila Moreno","chilean indie.chilean rock.nueva trova chilena.trova",36,141653,"f","solo",10
"1mBmpJSQUdUOTJzbfEg5m8","Javiera Parra","nueva cancion",40,52224,"f","solo",41
"7cD8IM5x8k0vTOgY4kQzuB","Resonancia Etérea",NA,45,12244,"m","group",1
"1i2GXZdxpWHbdHJczBTSLm","Los Inseparables","cumbia ranchera",35,14060,"m","group",1
"3EQz0AUS2CMV6lOu3Zplm2","Martín Berríos","chilean indie",18,3163,NA,NA,1
"1yBSX25jjXRF6KqAKGygy2","DJ Raff","chilean indie.electronica chilena",30,19632,NA,NA,2
"7hufuXlbL937yf5aWmDL8z","Chumbekes","cumbia chilena",21,23607,"m","group",3
"3LbtNWm1EKviVRqC93rY7R","Yoan Amor","cumbia chilena",22,4023,NA,NA,2
"4wO1Ld1CKjm4vFMNUn7E7k","Jordan","cumbia chilena",40,46367,NA,NA,5
"3Rnvdbd16ZNKjHLYq8sATE","Intocables de Chile","cumbia ranchera",40,14454,"m","group",1
"5j0zxJF926wIDiCXMmJGkg","Grupo Alegria","cumbia chilena.cumbia santafesina",45,117684,"m","group",1
"6eMCzVivkuOsjrv7LwQQh4","La Otra Fe","pop chileno",34,20301,"m","group",6
"4Jqs0PJ4Q5gmz1WzS1OUHk","Cristóbal Fones, Sj","deep latin christian",34,37546,"m","solo",1
"30iOgrPV86QMnMsPOJYHOJ","Mauricio Redoles","chilean rock",23,32217,"m","solo",1
"7675AXKo73FqKM9RDrGbf7","Nenei","coverchill.jazz cover",53,6430,"f","solo",1
"5PS09CXdU7Lze7eAk2z3Yy","Emaflu","pop chileno",24,3835,NA,NA,6
"1IbUoO6fomi5BxFk5X6n1K","Guachupé","chilean rock.cumbia chilena.ska chileno",34,60925,"m","group",1
"6gWVXK2R7WYXTqxULGAyfx","Illapu","musica andina.musica andina chilena.musica nortena chilena.nueva cancion",50,270253,"m","group",20
"3AHbiOgxmUv4eB0XMm5KIc","Hebreo",NA,38,3434,"m","solo",1
"6nf17XGXCx2PSgkhPYjSIA","Pascuala Ilabaca y Fauna","chilean indie.chilean rock.nueva cancion",33,48210,"f","solo",3
"1OgaghfYd1qr8DFoNrfDNk","Sinergia","aggro chileno.chilean rock",35,123242,"m","group",2
"3kJaCi1igGWOKYUVDdJnoi","Elizabeth Morris","nueva cancion.nueva trova chilena",34,16990,"f","solo",14
"4IdI1p8OrVpot6dbdCl3wv","Moral Distraida","chilean indie.chilean rock.cumbia chilena.pop chileno",42,180974,NA,NA,2
"1wJii6AWThPVePpQF0P4G6","Humboldt","chilean indie",13,2979,NA,NA,3
"6TMOhNUfIadpsB0YAavKGN","Tu Vicio","cumbia chilena",18,10488,NA,NA,1
"0gOdu2BvlfycjQlrtk0CQv","La Sonora De Tommy Rey","chilean rock",34,69672,"m","group",7
"4IyZZfTjtcbbJfe8gvN1Pf","Angelo Pierattini","chilean rock",26,6854,NA,NA,9
"0kUZTk2JLPEAUyCWoN6eoL","Beto Cuevas","chilean rock.latin alternative.latin arena pop.latin pop.rock en espanol",44,306607,"m","solo",1
"4ejp2yEDQIIJIy0iFpoI5B","Violeta Parra","cantautor.chilean rock.musica andina.musica nublensina.nueva cancion.psicodelia chilena.trova",43,342713,"f","solo",3
"1s60AzQYm7kiHJJoqx7nDk","Colombina Parra","chilean indie.chilean rock.psicodelia chilena",20,3664,NA,NA,7
"3qWvnBe0WHixQgMLpMsf0T","Silvestre","chilean rock",18,13862,NA,NA,1
"2Aq0u75FM7QuhP4vUqsFVe","Rafael Ricardo",NA,49,12633,"m","solo",1
"61S5D7HbBCFMHFV77354nD","La Banda Tropikal de Vallenar","cumbia chilena.cumbia ranchera",44,58071,"m","group",15
"2j7cp8QCujOktjxUXuNou3","Grupo Hechizo",NA,41,36205,"m","group",1
"6oDRZXbFciNI9WCdvtydPl","Luz Eliana","nueva ola chilena",34,5562,"f","solo",6
"2WgxR4bpsyz811ERN8EW4V","die together in venus","corecore",35,2975,"m","solo",1
"4uzRQXp8Aavhq3PbPUozNF","German Casas","nueva ola chilena",14,8551,NA,NA,1
"33AD9OZTMS2oNnsuDcVw9g","RIVALES DE CHILE","cumbia ranchera",42,24923,"m","group",2
"5faoRgtvabwICan9170dvD","Anarkia Tropikal","chicha.chilean rock.cumbia chilena.ska chileno",25,36047,"m","group",6
"5H5ZQaEOmSoUTEn8IzI62V","Christell",NA,53,38535,"f","solo",1
"2L5b3yHGpn7RQi4wd3vcU2","Combo Ginebra","cumbia chilena",23,15149,NA,NA,1
"4Wy8CFlIS11ODC9wVKBSz4","Juanito Ayala","chilean rock.cumbia chilena",30,18603,NA,NA,7
"4ZLUNtFI5oNh5xiEew8X2v","Frucola Frappé","chilean indie",14,4103,NA,NA,1
"4zVtp9LhWzT5n1w27c0f6l","Angel Parra","chilean rock.nueva cancion",35,28649,"m","solo",17
"4iYtGmJwcET4ym55GMp4Zm","Paz Court","chilean indie",34,12102,"f","solo",10
"3JwCj883t6VDr4EXsn0UYN","Los Chacales del Maule","cumbia ranchera",37,13562,"m","group",3
"5RKjlS1wJUuABFzjyJAkdM","Luis Jara","pop chileno",36,61252,"m","solo",5
"1bwsprbGyKx2vBbPAwVebl","Noche de Brujas","cumbia chilena",54,435495,"m","group",10
"6olBVa8DSbt2M0FAR7AAkI","Mario Guerrero","pop chileno",38,66119,"m","solo",8
"7IoWRnQriyj7YYLpvx00jv","Francisco Victoria","chilean indie.pop electronico",32,24639,NA,NA,13
"2dK7lV2dmrsnMflpwJRPyT","Sepamoya","cumbia chilena",17,26166,NA,NA,1
"0EShyzemaVRTIukphkQZBZ","Zalo Reyes","chilean rock",42,63660,"m","solo",8
"6ZFPqrsBkF6WDMe9h9rXQT","Juan Antonio Labra","chilean rock",34,31655,"m","solo",3
"5Lh7mxqZPi1OqWGY5A6g68","Gloria Benavides","nueva ola chilena",28,12484,NA,NA,1
"6eUAVH8tSq8WSJGPLeDN9c","Américo","cumbia chilena",52,308965,"m","solo",5
"73Vk4dL8kYkbRJxWJDq1wL","La Floripondio","chilean rock.ska chileno",37,58562,"m","group",2
"2bbtoUWNv9uzGrkgXAKl9g","Los Tremendos Rancheros","cumbia ranchera",39,3173,"m","group",1
"3vOhBYpEKYtJhZcQWh0Q4Q","Los Mox!","chilean rock.punk chileno",23,39013,"m","group",1
"6nX2IctRER6z2UkUmJvpE9","El Bloque 8","cumbia chilena",41,65846,NA,NA,1
"1xkgbANdCCYVt86KdT7hwP","Roberto Parra","chilean rock",24,9672,NA,NA,2
"3VCrybIJKH7UurbDcZbMmn","Cami","latin pop.pop chileno",56,734841,"f","solo",1
"3JiStihkFwbEuL4nGuHWlM","Alexis Venegas","nueva trova chilena",14,2276,NA,NA,1
"6FFSTXo40QrNA2tpT1xbq0","Fother Muckers","chilean indie.chilean rock",46,92148,"m","group",1
"1Qa7X1aFkcKCuA8B5XHw2y","Amor Sureño","cumbia ranchera",44,4431,"m","group",1
"16bFJLaCva0iyEiBRLPSx2","Erick Berríos","cumbia chilena",30,8142,NA,NA,6
"6EwwcDTg6CKzsuWq7Xbd7D","Marineros","chilean indie.chilean rock",28,34299,"f","group",1
"7KPcBMsOzS2QvKzkjj1kxU","Entremares","cueca chilena",42,63436,"m","group",1
"7BtPvKcx93ZZwYUIjpGyYQ","Conexión Cielo","adventista",33,25395,"m","group",1
"5zoXAWbqiovx7MFrNvuteu","Mapocho Orquesta","jazz chileno",29,2304,NA,NA,3
"7JVFObxbojmbv9I1q5PTJ2","Pipo y sus Genniale's","cumbia chilena",18,3966,NA,NA,1
"71bG6LIwKMYALxV8WuIezn","Yorka","chilean indie.chilean rock",29,22616,"f","group",29
"5hxYWdlTGKGOsKVrxdKA9f","Cachureos","cancion infantil latinoamericana",40,34672,"m","group",4
"2G6WYokWYd4regFlrrMx6p","Leandro Martinez","pop chileno",15,8118,NA,NA,1
"4Mn6wG1rphD2xDDUnGI6rw","Medialuna de Amores","cueca chilena",27,3757,NA,NA,1
"0KPHupxNcc9XMQ0SSn3LKo","Dënver","chilean indie.chilean rock.pop electronico",35,57629,"f","group",4
"7rcYk7wXrIQYA2qBccfscc","Mazapán","cancion infantil latinoamericana.musica para ninos",50,53911,"f","group",1
"38RtVKKRJwYGkKJDuZtHJP","Charly Benavente","chilean indie.concepcion indie",17,6055,NA,NA,3
"0TpzkpozdbNjvorkh1gcdO","Ginette Acevedo","nueva ola chilena",16,5471,NA,NA,1
"6diRAnbJMBmn4MXIS4IHYk","Los Charros De Lumaco","cumbia chilena",50,260863,"m","group",20
"6IEAyaXCPxZoPtCAYZXOxz","Javiera & Los Imposibles","chilean rock",28,61020,"f","group",1
"3BBhJ4tssZm6vSQQ5xPDC1","Villa Cariño","chilean rock.cumbia chilena",47,303153,"m","group",1
"1NBoDdFZArcr9I68YHFA5T","Camilo Eque","nueva trova chilena",29,9808,NA,NA,1
"2DNYcW0pAlFg6vKAKaDMdO","Los Peñis del sur","cumbia ranchera",37,4031,"m","group",1
"4nZIpprPGQmOEECVZ8VDIT","Matanza","electronica chilena.latintronica.organic electronic",36,51878,"m","group",5
"4nSgEvZncnC5oNPVrtwnLd","Gondwana","latin alternative.latin rock.reggae en espanol.rock en espanol",59,1116794,"m","group",1
"4uqz8sHfvYPHlpHZYyanEK","Benjamín Walker","chilean indie.nueva trova chilena",39,27737,"m","solo",11
"0QlyCyYljfcdWtBNemiXXV","Los Mismos de Siempre","cueca chilena",25,3329,NA,NA,1
"2nhjfjsQ7lMfDT4wy99310","Leo Rey","cumbia chilena",24,61305,"m","solo",6
"3rqpBcetrJVphNTRHDv9ht","Lucybell","chilean rock.rock en espanol",49,290585,"m","group",3
"2aRPBh4HSVPmevvlsCySOt","Isabel Parra","musica andina.nueva cancion.nueva trova chilena",33,33650,"f","solo",7
"7eGr6AxHNDZQ0PWbb8apY0","Giolito Y Su Combo","cumbia chilena",32,30446,"m","group",1
"5jyOjqLd2YRArrVlguvv4F","Nicole Bunout","pop chileno",26,18351,NA,NA,6
"1fHGzTSloWCtrlKfbLNVhM","Gepe","chilean indie.chilean rock",56,347512,"m","solo",6
"6kNykeJK1CTSW1zJYcAUvQ","Neolux","euphoric hardstyle.gym hardstyle",36,6502,"m","solo",1
"497ma3Q1UnHPhvRQKyoxW2","Amerika'n Sound","cumbia chilena",44,97585,"m","group",6
"78ggKaGrCOaxqXGMnP3mzc","Kapatazes del amor","cumbia ranchera",40,3742,"m","group",1
"6ahs4UAnYtpgTHHdiojFHt","The Holydrug Couple","neo-psychedelic.psicodelia chilena",41,73583,"m","group",1
"7vFfHijGEDzSmlsgxcqHlA","Nicolas Tovar",NA,37,5342,"m","solo",1
"7hwlbJCUBQksiqlloB6x9K","Grupo Zúmbale Primo","cumbia ranchera",57,173410,"m","group",4
"73SBwOgH6mrS09OyFHdR62","Denise Rosenthal","pop chileno",50,398283,"f","solo",1
"00kBFCMv8iB3aMpHy043LO","Niño Cohete","chilean indie.chilean rock.concepcion indie",25,34498,"m","group",1
"4sGC7K2rSpWrWudBgYPMce","Joe Vasconcellos","chilean rock.cumbia chilena.folklore chileno.latin alternative.ska chileno",51,316011,"m","solo",18
"2nlwAdLClYXuDEqbkIowgN","Alvaro Scaramelli","chilean rock",28,21534,"f","solo",1
"3YIlnLkPcxVni4w8FGWJnm","Papanegro","chilean rock.latin funk",25,29090,"m","group",2
"5il1LfQizqVTfjSzhi1bt7","Pasto Seco","cumbia chilena",24,9720,NA,NA,1
"5z9PI0y6MRnL9BCHOI5ilL","Mendez","pop chileno",41,23462,NA,NA,1
"0VqdDDrHPFAdqzDR08FySM","Sonora Malecón","cumbia chilena",42,40903,"m","group",1
"0SQDhZLHzJq716WdfRodG7","DJ Pinky","cumbia chilena",34,11430,NA,NA,2
"0oGbFTtR8UqMpgDFLpFKc1","Sonora 5 Estrellas","cumbia chilena",33,143950,"m","group",1
"1fL9NVHVSobqodHIO2FO9C","velas54",NA,18,21300,"unknown","unknown",1
"45H7NFSk6h7YyYP6BiB3EP","Alvaro Henriquez","chilean rock",42,39257,"m","solo",17
"58JUcJgPMahuJHcVQM5CNL","Alejandro Paz","dark disco.electronica chilena",24,14506,NA,NA,1
"7nriakmj7Rcq8KhhaLSgja","Daniela Castillo","pop chileno",19,18088,NA,NA,1
"0E0FX8RYDfwseJAhwO9AK2","Tunacola","chilean indie.pop electronico",27,24015,NA,NA,3
"1sjAiXfRnlaJk1zNhmHSpf","Nando García","chilean indie",24,2580,NA,NA,1
"7cC4OFKSHYZuKU6cgbB4vf","El Monteaguilino","folklore chileno",16,5412,NA,NA,2
"7tNvegbTVfxN3p9q39ixcn","FrioLento","concepcion indie",35,58677,"m","group",2
"1djP5LHPEF9KvmoKJI0QPX","NEMJ",NA,53,19874,"m","solo",3
"6WcoLUYMQyttg3fFIkou6X","Nano Stern","chilean indie.chilean rock.nueva trova chilena.trova",40,118881,"m","solo",17
"576SVashrrxz5pBVPgwFCL","Los Manantiales","cumbia ranchera.folklore peruano",38,46537,"m","group",2
"6z8XYKH7BWonL2nO5gi9O0","Lean & Akai",NA,36,2726,"m","group",1
"0PoNc2Vn4Ag4NOySSD666z","Nico Ruiz",NA,36,27219,"m","solo",1
"2WVBKsWLyEcWY1z5SxIDry","Santiago del Nuevo Extremo","nueva cancion",26,42383,"m","group",6
"1jW8O5TTQQUb1G05GLxSEn","Electrodomesticos","chilean indie.chilean rock",26,32125,"m","group",2
"5hPppHQ7KeIZT2k1hW2nzd","Kevin Karla & La Banda",NA,9,50124,"m","group",1
"3ofeDjH3XD66EbnLIHWk8i","Inti Illimani Histórico","musica andina.musica andina chilena.nueva cancion",32,17848,NA,NA,3
"0qX7rdOqbH8vUUeXUUsiqf","Patricio Manns","musica andina.musica andina chilena.nueva cancion",32,64030,"m","solo",10
"1KHw2rfinEItEDlOoP8Hp9","Combo con Clase","cumbia chilena",27,6269,NA,NA,2
"4sWjBSpXZSBhodRXeVadNL","Daniel Klauser","electronica chilena",8,2277,NA,NA,1
"4sWPy7Kj9RwdpAxe5onUhP","Los Ex","chilean indie.chilean rock",29,22991,"m","group",1
"0KJEHAoNtPaopqOHD6UIkY","Niña Tormenta","chilean indie",29,20856,NA,NA,6
"7BfDn0T1IbJiD0U8j27obe","Quique Neira","reggae en espanol.ska chileno",44,277916,"m","solo",7
"0Up8AZmXDecXiMirZhRLmw","Alberto Plaza","ecuadorian pop",45,320798,"m","solo",2
"58ogXGbkmpbFtAbePMPiQ4","Diego Lorenzini","chilean indie",45,76676,"m","solo",26
"1uKXKI26BK3xSqRlPEHiHy","Los Luceros Del Valle","cumbia chilena.cumbia ranchera",32,36177,"m","group",1
"2agGIdhbRlnsnQVWv6jkA6","DONNER",NA,53,4204,"m","solo",1
"0yrF0XtNWe4oZ7JXSCCmA7","Los Peores De Chile","chilean rock.punk chileno",28,41426,"m","group",1
"74RYbbIHke18VFvcsP2iD9","La Noche","cumbia chilena",46,156453,"m","group",1
"2dl2yCIYJNULyzn3stw3yI","Pier Bucci","electronica chilena",11,2243,NA,NA,1
"3HrR1EoGCQa4Cl2fv2QyTk","El Cómodo Silencio De Los Que Hablan Poco","chilean indie",25,27065,"m","group",1
"5CE7PcyVcEKMSuQA4IHF7d","Juanafé","chilean rock.cumbia chilena.latin afrobeat",33,59267,NA,NA,1
"6hj8clZoUKaoPyQvEbG0eT","Kumbia Hits","cumbia chilena",17,25934,"m","group",1
"7DGQ1BwG33jSlcQC6krZLD","Tomo Como Rey","cumbia chilena.ska chileno",37,87435,"m","group",6
"6pQc5n64sfB2qElrQCfE13","Maria Jimena Pereyra","latin talent show.pop chileno",19,14002,NA,NA,1
"0PTJ848ulShbjTx2yqaAlb","Newen Afrobeat","latin afrobeat",28,60791,"m","group",11
"2IunebW5WpbBHwXU5BBv08","Entrópica","chilean indie.pop electronico",20,3546,NA,NA,11
"4ZWex7Cr0HbNkpnTZPCcfO","Julius Popper","chilean indie.chilean rock.concepcion indie",42,56654,"m","group",1
"73swvRHLV2DJfD57xx5CBN","Fernando Milagros","chilean indie.chilean rock",40,53311,"m","solo",7
"2Z7XpwcKmrsYyXZw1SqyZ7","Los Vikings 5","cumbia chilena",41,87775,"m","group",3
"64qyErWq0ieALSFbxDpScT","Carlos Cabezas","chilean indie.chilean rock",24,16748,NA,NA,7
"4vkOLg1AyJgDqF9xwLsgXR","Maihuen de los Angeles","cueca chilena",37,37820,"f","group",1
"4LlbFyAhhOYvtbluyFiiyq","Organización X","cumbia chilena",41,39257,"m","group",1
"4Gu5S2cvAxuZvPgqs5zW7e","Sonora Palacios","cumbia chilena",37,63869,"m","group",17
"6ouwZ3vbVnP5WIwEMurzJ5","Luis Lambis","cumbia chilena",36,47739,"m","solo",7
"1RpIuXeUsxfYBdQIg19QSy","Niños Del Cerro","chilean indie",34,42486,"m","group",2
"0WCbmGMzwvFFx0JT8k7THP","Pedropiedra","chilean indie.chilean rock.pop electronico",46,125693,"m","solo",22
"0EerYBBDe5gk594U6qGNRK","Los Rancheros de Plata","cumbia ranchera",37,31785,"m","group",9
"0nKPBGMIpJlCtmIdnh6Wpw","Primera Fe","adventista",40,34008,"f","group",1
"5t6HRqxLXUFgNXV4598nxz","Daniela Millaleo","nueva trova chilena",22,10486,NA,NA,5
"4sqQQ8WmsmEUymIO1OiH6i","Reflejo Azul","cumbia ranchera",35,9215,"m","group",1
"3yiRkpXCOrmggFKe5I8FDU","D'Latin Sound","cumbia ranchera",33,26500,"m","group",1
"4qXIYIWo6wRsN0lZxvgH6S","Los Tres","chilean rock.concepcion indie.latin alternative.latin rock",56,508439,"m","group",2
"6PMVAKrQsE450lfX25uEgO","Los Reales del Valle","cumbia chilena.cumbia ranchera",41,59262,"m","group",3
"2UNMW1OKE0X1cwJHWER67g","Banda Conmoción","banda de bronces.chicha.cumbia chilena",32,72608,"m","group",17
"26SwMaLuxWolyBYLyjG8NQ","Potencia","cumbia chilena",40,21223,NA,NA,1
"1K32xjhUxJktdl9aaCwK4n","La Descendencia Chilena",NA,46,22530,"m","group",1
"6BYwseleN4FiZvX4dFirBj","Kuervos del Sur","chilean metal.chilean rock",36,40284,"m","group",2
"099SiwrDm2QXvyPe4TSJY0","Marioso y La Onda Llanera","cumbia ranchera",36,3722,"m","group",1
"1GGnADQvJeAIqtrjWc0CFc","Aguaturbia","chilean rock.psicodelia chilena",26,18145,NA,NA,6
"07WSqyexqFJM0ZeQVPqJJg","Mateo on the Beatz",NA,65,18795,"m","solo",1
"0IBPiuTlbQq7uLUp7ywXh0","Los Dinos de Chile","cumbia ranchera",39,7794,"m","group",5
"4DAFJvYjVrSQfEM67zeXQT","We Are The Grand","chilean indie.chilean rock.latin rock",34,32598,"m","group",6
"1wZ9Xc5xzw5ag4rpHBdMTk","Consuelo Schuster","pop chileno",35,15774,"f","solo",7
"34JOOFEs2qzslbI0YAGBXr","Denisse Malebrán","chilean rock.pop chileno",33,13161,NA,NA,4
"31zOLg3uYZLDbtpA1JoQmH","Los Machos de la Cumbia","cumbia chilena.cumbia ranchera",45,57926,"m","group",17
"4KyZLSFxk5EZnqkceVEvga","Planetario","chilean indie",25,16137,NA,NA,2
"2ab00opmk9EbTPna3VD0zJ","El llanero de Ñuble","cumbia ranchera",52,37041,"m","solo",10
"6WUEX7OnXihiMxJM6HZcIR","Chini and The Technicians","chilean indie",14,10506,NA,NA,1
"0XLaFx8rcalfeYiCzQoRH7","La Sociedad","pop chileno",36,9628,"m","group",1
"5HkHDnrE6HW1FsD5gf8nrw","Tronic","chilean rock.punk melodico chileno",45,99408,"m","group",1
"7H1x26DjjmPhCysVsGRrXf","Protistas","chilean indie.chilean rock",22,24860,"m","group",1
"60bfQT8dq9ykKW6KfIXnE5","Fiskales Ad-Hok","chilean hardcore.chilean rock.punk chileno",34,43135,"m","group",2
"4LIR7XQRqn0CyXMYSjKoTX","Manuel García","cantautor.chilean indie.nueva trova chilena.pop chileno.trova",50,208840,NA,NA,11
"3gjqD5j7NaOCr4kLULEV0L","Mora Lucay","chilean indie",22,8057,NA,NA,3
"79YjWaAoD88XGLETIsnnQV","Rubio","chilean indie.pop electronico",40,56742,NA,NA,6
"4W818VxLQukD34t6dFjoRO","C-Funk","chilean rock.latin funk",36,12205,NA,NA,1
"1V9tvIpFfMl1cFJjxJKAre","Weichafe","chilean hardcore.chilean metal.chilean rock",25,33176,"m","group",1
"4iTKW9n4HDGCfTud01OaFL","Betania López","ska chileno",15,2022,NA,NA,1
"3IrgBju6MoDqMqxSUB3zCk","Sonora Barón","cumbia chilena",29,31847,"m","group",1
"1jK9ucKKnrVI3OHzCPpE8g","Los Tricolores","cueca chilena",18,4434,NA,NA,1
"0YykZZ5GBtvN0rOjEMIiK6","Adrián y Los Dados Negros","cumbia chilena",45,46737,"m","group",1
"3SQwqIl6r35rkAXPw7cm9n","Upa!","chilean rock",37,35630,"m","group",1
"2rV1GKAvHpXO40w4lLhplz","Chini.png","chilean indie",25,6527,NA,NA,5
"2x6OBrjZlSnyftY3Da2mmN","GUFI","chilean rock.punk melodico chileno",40,64147,"m","group",1
"2HGCzTmS2snalBdRCMNuER","Punkora","chilean hardcore.punk chileno",15,5542,NA,NA,1
"3SYksx5zqnl6TH0sh4qCwb","Orquesta Huambaly","jazz chileno",27,13673,NA,NA,1
"7qBOuqz5lunjy2n0SGlCAJ","Vian Yovi","pop chileno",29,51386,"f","group",1
"3g9MKjIP9xrMTY5Pbwr6Nk","Kreamly",NA,38,3633,"m","solo",1
"5wHg6b8Bh2dbMaXHcOjjGF","Sebastián Almendras","cumbia ranchera",39,14874,"m","solo",1
"053oOvGRkpmFquZxe9V4BS","La Leyenda Tropikal","cumbia ranchera",37,8012,"m","group",1
"3oT0HhzV9wN9sVji6Hjvx6","Carlos Puebla","nueva cancion",29,24070,"m","solo",1
"440MEFxEmF9othCXbz3Y6a","Victor Jara","cantautor.musica andina.musica andina chilena.musica nublensina.nueva cancion.trova",45,358031,"m","solo",5
"4XeXlVlcBAqU4tYCP3SdoY","Eduardo Gatti","chilean rock.trova",44,67553,"m","solo",4
"5ftlDLqup1wvAk1VTPIC6R","Varra","japanese jazz fusion",41,12697,"m","solo",1
"0DnrebXsQPIvbjWoxJFicd","Grupo Explosión","cumbia ranchera",41,16362,"m","group",1
"6YgPVbrxWFP9dnp8dsqDry","Saiko","chilean rock",38,94581,"m","group",1
"5pb8LPHfA34fssKWXD8DTs","DJ Jonax",NA,46,8813,"m","solo",3
"2UqwAwxVtnr9MyQ96yNoGD","Pettinellis","chilean rock.concepcion indie",44,23205,"m","group",1
"6Zvh0z6M1QFVEvy1i8mTYV","Sonora de Llegar","chilean rock.ska chileno",30,30265,"m","group",1
"13N9NShchIr3m8hgyVqrRg","Maria Jose Quintanilla","pop chileno",39,138222,"f","solo",13
"26ZwTqwf87K05pQDOg3Tc3","La Rue Morgue","chilean rock",34,56957,"m","group",1
"6Km7WV9r7ozleZwjX1armg","Tito Fernández","chilean rock.nueva cancion",31,66636,"m","solo",11
"3b06h05NjiPizwnTeGybfG","Vicente Cifuentes","bachata.chilean indie.musica nublensina",34,10517,NA,NA,16
"5zKSDRkzPs96LCwHIlLaLw","Los Prisioneros del Sur","cumbia ranchera",27,28262,"m","group",1
"4hp1i0d15TWg1YN3lCUWgq","Supernova","chilean rock.pop chileno",38,23317,"f","group",1
"5t9E81hCUNoupRbFs7xK1F","Nico Borie",NA,43,116716,"m","group",1
"0299kdzISPrVuqMxhHXpgn","Piyoasdf",NA,22,26380,"f","solo",1
"0YeHqvVbslv60mX2q3bUZv","Vuelveteloca","chilean indie.psicodelia chilena",6,3494,NA,NA,1
"2Ii5TVgcXETw3tFhpqJ6HH","Difuntos Correa","chilean rock",31,44422,"m","group",1
"0i36EQVtjFoow9nw3UgYCl","Kaskivano","chilean rock.nueva trova chilena",16,13261,NA,NA,1
"1wyjMJTy6WbOvYBSDL9fMR","La Combo Tortuga","cumbia chilena",50,358983,NA,NA,4
"7iPrws5wYbnF6sKfx2CX9e","The Ramblers","nueva ola chilena",37,14324,"m","group",1
"4FSHCrSzZlOrwOMmEInVwf","Stormerz","euphoric hardstyle",36,9315,"m","solo",1
"4y2njzlk64o4wUdX8Ph8aM","Los Huasos Quincheros",NA,31,28045,"m","group",10
"1FtPGO6iOU4CTmJ5YCTWPy","Maxi Vargas","reggae en espanol",32,32153,"m","solo",2
"2R0KuBcEcUp6thf2HHLElR","Daniel Muñoz","cueca chilena",29,6855,NA,NA,5
"3iIMN6aYzb6coyCECxkHaS","Nicole","chilean rock",41,53182,"f","solo",13
"7cIyh6k1zccDIbM7Qyn5AY","Los Valentina","chilean indie",16,8831,NA,NA,2
"4vHhQoluojmIL2pm4rbzRu","Coros Unidos",NA,35,4838,"unknown","unknown",1
"2piHiUbXwUNNIvYyIOIUKt","Francisca Valenzuela","chilean rock.pop chileno.pop electronico",54,402294,"f","solo",3
"750f5Yoi20mYBe2EoVqWiT","Los Jaivas","chilean rock.latin rock.musica andina.musica andina chilena",49,368239,"m","group",7
"1FJENlxciHSXzfHlYMgB2M","Fármacos","chilean indie.mexican indie.pop electronico",41,75471,"m","solo",3
"0Dru4i9eJ3R0nVBIJ1qIp0","Ignacia Antonia",NA,4,47275,"f","solo",1
"3ZvxjVof3XtOsajb8wI6PH","Jorge Tomas",NA,47,16602,"m","solo",3
"76sZcEL2ZXBTqNeFJAhlup","Quilapayún","chilean rock.musica andina.musica andina chilena.nueva cancion",38,127551,"m","group",13
